{
  "PP-LOAD-ReportBuilder-Request-Main-Page" : {
    "transaction" : "PP-LOAD-ReportBuilder-Request-Main-Page",
    "sampleCount" : 1000,
    "errorCount" : 0,
    "errorPct" : 0.0,
    "meanResTime" : 40692.83800000001,
    "medianResTime" : 40705.0,
    "minResTime" : 40171.0,
    "maxResTime" : 42988.0,
    "pct1ResTime" : 40845.0,
    "pct2ResTime" : 40926.85,
    "pct3ResTime" : 41091.96,
    "throughput" : 9.12933529309731,
    "receivedKBytesPerSec" : 5826.868067054397,
    "sentKBytesPerSec" : 2.0594496608451935
  },
  "PP-LOAD-Form-Indicators-1" : {
    "transaction" : "PP-LOAD-Form-Indicators-1",
    "sampleCount" : 1000,
    "errorCount" : 0,
    "errorPct" : 0.0,
    "meanResTime" : 39826.677000000076,
    "medianResTime" : 39801.0,
    "minResTime" : 39640.0,
    "maxResTime" : 40138.0,
    "pct1ResTime" : 39916.0,
    "pct2ResTime" : 39956.0,
    "pct3ResTime" : 40032.88,
    "throughput" : 9.634746750681659,
    "receivedKBytesPerSec" : 226.23183248065826,
    "sentKBytesPerSec" : 1.9852847308533497
  },
  "PP-LOAD-Form-Indicators-0" : {
    "transaction" : "PP-LOAD-Form-Indicators-0",
    "sampleCount" : 1000,
    "errorCount" : 0,
    "errorPct" : 0.0,
    "meanResTime" : 204.5829999999997,
    "medianResTime" : 203.0,
    "minResTime" : 196.0,
    "maxResTime" : 352.0,
    "pct1ResTime" : 208.0,
    "pct2ResTime" : 212.0,
    "pct3ResTime" : 246.98000000000002,
    "throughput" : 15.622314914624049,
    "receivedKBytesPerSec" : 7.200910780959523,
    "sentKBytesPerSec" : 2.5172675399540707
  },
  "PP-LOAD-Form-Categories" : {
    "transaction" : "PP-LOAD-Form-Categories",
    "sampleCount" : 1000,
    "errorCount" : 0,
    "errorPct" : 0.0,
    "meanResTime" : 26268.075999999975,
    "medianResTime" : 25710.5,
    "minResTime" : 5484.0,
    "maxResTime" : 48136.0,
    "pct1ResTime" : 43495.2,
    "pct2ResTime" : 45957.6,
    "pct3ResTime" : 47663.22,
    "throughput" : 20.60666007253544,
    "receivedKBytesPerSec" : 485.0278930462826,
    "sentKBytesPerSec" : 3.32040909371909
  },
  "PP-LOAD-Set-Request-Initiator" : {
    "transaction" : "PP-LOAD-Set-Request-Initiator",
    "sampleCount" : 1000,
    "errorCount" : 0,
    "errorPct" : 0.0,
    "meanResTime" : 40006.86599999999,
    "medianResTime" : 40007.0,
    "minResTime" : 39767.0,
    "maxResTime" : 40206.0,
    "pct1ResTime" : 40013.0,
    "pct2ResTime" : 40020.0,
    "pct3ResTime" : 40086.0,
    "throughput" : 9.15315051440706,
    "receivedKBytesPerSec" : 4.424618656866694,
    "sentKBytesPerSec" : 4.0938895855453445
  },
  "PP-LOAD-CreateRequest" : {
    "transaction" : "PP-LOAD-CreateRequest",
    "sampleCount" : 1000,
    "errorCount" : 0,
    "errorPct" : 0.0,
    "meanResTime" : 36997.09700000004,
    "medianResTime" : 36907.5,
    "minResTime" : 35694.0,
    "maxResTime" : 39969.0,
    "pct1ResTime" : 38453.0,
    "pct2ResTime" : 39501.45,
    "pct3ResTime" : 39810.95,
    "throughput" : 9.545810343840088,
    "receivedKBytesPerSec" : 4.521209000744573,
    "sentKBytesPerSec" : 5.117822147234579
  },
  "PP-LOAD-ReportBuilder-Workflow-Steps" : {
    "transaction" : "PP-LOAD-ReportBuilder-Workflow-Steps",
    "sampleCount" : 1000,
    "errorCount" : 0,
    "errorPct" : 0.0,
    "meanResTime" : 39554.858,
    "medianResTime" : 39484.0,
    "minResTime" : 38927.0,
    "maxResTime" : 40360.0,
    "pct1ResTime" : 39896.0,
    "pct2ResTime" : 40039.95,
    "pct3ResTime" : 40211.97,
    "throughput" : 9.1775956534907,
    "receivedKBytesPerSec" : 392.9831581081763,
    "sentKBytesPerSec" : 1.882124108626022
  },
  "PP-LOAD-Form-All-Form-Metadata" : {
    "transaction" : "PP-LOAD-Form-All-Form-Metadata",
    "sampleCount" : 1000,
    "errorCount" : 0,
    "errorPct" : 0.0,
    "meanResTime" : 43295.471999999965,
    "medianResTime" : 43237.0,
    "minResTime" : 40751.0,
    "maxResTime" : 45681.0,
    "pct1ResTime" : 44242.9,
    "pct2ResTime" : 44555.0,
    "pct3ResTime" : 45107.88,
    "throughput" : 9.33375646362635,
    "receivedKBytesPerSec" : 5957.419248057995,
    "sentKBytesPerSec" : 2.105564202243835
  },
  "PP-LOAD-Form-All-Forms" : {
    "transaction" : "PP-LOAD-Form-All-Forms",
    "sampleCount" : 1000,
    "errorCount" : 0,
    "errorPct" : 0.0,
    "meanResTime" : 39096.44099999999,
    "medianResTime" : 40000.0,
    "minResTime" : 17759.0,
    "maxResTime" : 40229.0,
    "pct1ResTime" : 40062.0,
    "pct2ResTime" : 40098.0,
    "pct3ResTime" : 40105.99,
    "throughput" : 12.25820686949913,
    "receivedKBytesPerSec" : 287.8342611902106,
    "sentKBytesPerSec" : 2.5258609858049965
  },
  "PP-LOAD-Set-Request-Title" : {
    "transaction" : "PP-LOAD-Set-Request-Title",
    "sampleCount" : 1000,
    "errorCount" : 0,
    "errorPct" : 0.0,
    "meanResTime" : 39577.86299999996,
    "medianResTime" : 39997.0,
    "minResTime" : 35787.0,
    "maxResTime" : 40222.0,
    "pct1ResTime" : 40000.0,
    "pct2ResTime" : 40002.0,
    "pct3ResTime" : 40078.99,
    "throughput" : 9.47939180222197,
    "receivedKBytesPerSec" : 5.239585703181284,
    "sentKBytesPerSec" : 5.035926894930421
  },
  "PP-LOAD-ReportBuilder-Dependencies" : {
    "transaction" : "PP-LOAD-ReportBuilder-Dependencies",
    "sampleCount" : 1000,
    "errorCount" : 0,
    "errorPct" : 0.0,
    "meanResTime" : 38599.04900000003,
    "medianResTime" : 39011.0,
    "minResTime" : 33655.0,
    "maxResTime" : 40012.0,
    "pct1ResTime" : 39813.0,
    "pct2ResTime" : 39815.0,
    "pct3ResTime" : 39889.64,
    "throughput" : 9.762097679549381,
    "receivedKBytesPerSec" : 47.4092079155969,
    "sentKBytesPerSec" : 2.0687257777951324
  },
  "Total" : {
    "transaction" : "Total",
    "sampleCount" : 13000,
    "errorCount" : 0,
    "errorPct" : 0.0,
    "meanResTime" : 35704.08538461518,
    "medianResTime" : 39985.0,
    "minResTime" : 196.0,
    "maxResTime" : 48136.0,
    "pct1ResTime" : 40814.9,
    "pct2ResTime" : 43167.95,
    "pct3ResTime" : 44538.93,
    "throughput" : 29.14896240904963,
    "receivedKBytesPerSec" : 3186.39473493363,
    "sentKBytesPerSec" : 8.74118524165611
  },
  "PP-LOAD-Form-Indicators" : {
    "transaction" : "PP-LOAD-Form-Indicators",
    "sampleCount" : 1000,
    "errorCount" : 0,
    "errorPct" : 0.0,
    "meanResTime" : 40031.401000000034,
    "medianResTime" : 40005.0,
    "minResTime" : 39844.0,
    "maxResTime" : 40337.0,
    "pct1ResTime" : 40122.0,
    "pct2ResTime" : 40159.95,
    "pct3ResTime" : 40238.85,
    "throughput" : 9.615014807122803,
    "receivedKBytesPerSec" : 230.2004309930387,
    "sentKBytesPerSec" : 3.530513249490404
  },
  "PP-LOAD-Set-Request-Service" : {
    "transaction" : "PP-LOAD-Set-Request-Service",
    "sampleCount" : 1000,
    "errorCount" : 0,
    "errorPct" : 0.0,
    "meanResTime" : 40001.889,
    "medianResTime" : 40001.0,
    "minResTime" : 39879.0,
    "maxResTime" : 40200.0,
    "pct1ResTime" : 40004.0,
    "pct2ResTime" : 40007.0,
    "pct3ResTime" : 40118.85,
    "throughput" : 9.157257584498593,
    "receivedKBytesPerSec" : 4.328235030173164,
    "sentKBytesPerSec" : 3.791676968581449
  }
}