{
  "PP-LOAD-ReportBuilder-Request-Main-Page" : {
    "transaction" : "PP-LOAD-ReportBuilder-Request-Main-Page",
    "sampleCount" : 30,
    "errorCount" : 0,
    "errorPct" : 0.0,
    "meanResTime" : 1510.466666666667,
    "medianResTime" : 1498.0,
    "minResTime" : 615.0,
    "maxResTime" : 2004.0,
    "pct1ResTime" : 1956.2,
    "pct2ResTime" : 1990.25,
    "pct3ResTime" : 2004.0,
    "throughput" : 0.006292001733236744,
    "receivedKBytesPerSec" : 3.89391300675782,
    "sentKBytesPerSec" : 0.001419387109743836
  },
  "PP-LOAD-Form-Indicators-1" : {
    "transaction" : "PP-LOAD-Form-Indicators-1",
    "sampleCount" : 30,
    "errorCount" : 0,
    "errorPct" : 0.0,
    "meanResTime" : 296.90000000000003,
    "medianResTime" : 294.5,
    "minResTime" : 137.0,
    "maxResTime" : 478.0,
    "pct1ResTime" : 435.00000000000006,
    "pct2ResTime" : 457.09999999999997,
    "pct3ResTime" : 478.0,
    "throughput" : 0.0062960622537846156,
    "receivedKBytesPerSec" : 0.14588500913873437,
    "sentKBytesPerSec" : 0.0012973331401841346
  },
  "PP-LOAD-Form-Indicators-0" : {
    "transaction" : "PP-LOAD-Form-Indicators-0",
    "sampleCount" : 30,
    "errorCount" : 0,
    "errorPct" : 0.0,
    "meanResTime" : 267.23333333333335,
    "medianResTime" : 234.5,
    "minResTime" : 217.0,
    "maxResTime" : 548.0,
    "pct1ResTime" : 369.8,
    "pct2ResTime" : 519.9499999999999,
    "pct3ResTime" : 548.0,
    "throughput" : 0.006296204962458878,
    "receivedKBytesPerSec" : 0.002871413786590133,
    "sentKBytesPerSec" : 0.001014525213677456
  },
  "PP-LOAD-Form-Categories" : {
    "transaction" : "PP-LOAD-Form-Categories",
    "sampleCount" : 30,
    "errorCount" : 0,
    "errorPct" : 0.0,
    "meanResTime" : 1520.0,
    "medianResTime" : 1473.0,
    "minResTime" : 917.0,
    "maxResTime" : 2218.0,
    "pct1ResTime" : 2157.2000000000003,
    "pct2ResTime" : 2200.4,
    "pct3ResTime" : 2218.0,
    "throughput" : 0.00629451797840225,
    "receivedKBytesPerSec" : 0.14620083483142862,
    "sentKBytesPerSec" : 0.0010142533851917688
  },
  "PP-LOAD-Set-Request-Initiator" : {
    "transaction" : "PP-LOAD-Set-Request-Initiator",
    "sampleCount" : 30,
    "errorCount" : 0,
    "errorPct" : 0.0,
    "meanResTime" : 356.4666666666666,
    "medianResTime" : 373.5,
    "minResTime" : 146.0,
    "maxResTime" : 424.0,
    "pct1ResTime" : 413.0,
    "pct2ResTime" : 418.5,
    "pct3ResTime" : 424.0,
    "throughput" : 0.0062942393233440955,
    "receivedKBytesPerSec" : 0.003042625454155593,
    "sentKBytesPerSec" : 0.002815196884855074
  },
  "PP-LOAD-CreateRequest" : {
    "transaction" : "PP-LOAD-CreateRequest",
    "sampleCount" : 30,
    "errorCount" : 0,
    "errorPct" : 0.0,
    "meanResTime" : 217.66666666666669,
    "medianResTime" : 188.0,
    "minResTime" : 136.0,
    "maxResTime" : 391.0,
    "pct1ResTime" : 350.2000000000001,
    "pct2ResTime" : 391.0,
    "pct3ResTime" : 391.0,
    "throughput" : 0.006295070078818474,
    "receivedKBytesPerSec" : 0.0029754042169415442,
    "sentKBytesPerSec" : 0.0033749936262415453
  },
  "PP-LOAD-ReportBuilder-Workflow-Steps" : {
    "transaction" : "PP-LOAD-ReportBuilder-Workflow-Steps",
    "sampleCount" : 30,
    "errorCount" : 0,
    "errorPct" : 0.0,
    "meanResTime" : 239.36666666666667,
    "medianResTime" : 224.0,
    "minResTime" : 138.0,
    "maxResTime" : 400.0,
    "pct1ResTime" : 377.80000000000007,
    "pct2ResTime" : 396.15,
    "pct3ResTime" : 400.0,
    "throughput" : 0.006292839818069806,
    "receivedKBytesPerSec" : 0.2673203270997161,
    "sentKBytesPerSec" : 0.0012905237908150968
  },
  "PP-LOAD-Form-All-Form-Metadata" : {
    "transaction" : "PP-LOAD-Form-All-Form-Metadata",
    "sampleCount" : 30,
    "errorCount" : 0,
    "errorPct" : 0.0,
    "meanResTime" : 1926.3,
    "medianResTime" : 2009.0,
    "minResTime" : 863.0,
    "maxResTime" : 2265.0,
    "pct1ResTime" : 2247.0,
    "pct2ResTime" : 2264.45,
    "pct3ResTime" : 2265.0,
    "throughput" : 0.006293462917133344,
    "receivedKBytesPerSec" : 3.8941178751968546,
    "sentKBytesPerSec" : 0.0014197167322830104
  },
  "PP-LOAD-Form-All-Forms" : {
    "transaction" : "PP-LOAD-Form-All-Forms",
    "sampleCount" : 30,
    "errorCount" : 0,
    "errorPct" : 0.0,
    "meanResTime" : 326.4666666666666,
    "medianResTime" : 321.5,
    "minResTime" : 163.0,
    "maxResTime" : 471.0,
    "pct1ResTime" : 417.3,
    "pct2ResTime" : 452.84999999999997,
    "pct3ResTime" : 471.0,
    "throughput" : 0.006296247247752922,
    "receivedKBytesPerSec" : 0.1458974938417455,
    "sentKBytesPerSec" : 0.0012973712590584633
  },
  "PP-LOAD-Set-Request-Title" : {
    "transaction" : "PP-LOAD-Set-Request-Title",
    "sampleCount" : 30,
    "errorCount" : 0,
    "errorPct" : 0.0,
    "meanResTime" : 302.8666666666667,
    "medianResTime" : 353.0,
    "minResTime" : 140.0,
    "maxResTime" : 420.0,
    "pct1ResTime" : 397.9,
    "pct2ResTime" : 409.55,
    "pct3ResTime" : 420.0,
    "throughput" : 0.006294772883545233,
    "receivedKBytesPerSec" : 0.003479337355553322,
    "sentKBytesPerSec" : 0.0033440980943834045
  },
  "PP-LOAD-ReportBuilder-Dependencies" : {
    "transaction" : "PP-LOAD-ReportBuilder-Dependencies",
    "sampleCount" : 30,
    "errorCount" : 0,
    "errorPct" : 0.0,
    "meanResTime" : 249.26666666666674,
    "medianResTime" : 246.0,
    "minResTime" : 134.0,
    "maxResTime" : 418.0,
    "pct1ResTime" : 383.20000000000005,
    "pct2ResTime" : 401.5,
    "pct3ResTime" : 418.0,
    "throughput" : 0.0062931289101307636,
    "receivedKBytesPerSec" : 0.030562236396562775,
    "sentKBytesPerSec" : 0.0013336025131820072
  },
  "Total" : {
    "transaction" : "Total",
    "sampleCount" : 390,
    "errorCount" : 0,
    "errorPct" : 0.0,
    "meanResTime" : 624.6435897435897,
    "medianResTime" : 370.0,
    "minResTime" : 134.0,
    "maxResTime" : 2265.0,
    "pct1ResTime" : 1835.7000000000007,
    "pct2ResTime" : 2014.5,
    "pct3ResTime" : 2220.9699999999993,
    "throughput" : 0.0817054910908542,
    "receivedKBytesPerSec" : 8.677083463180468,
    "sentKBytesPerSec" : 0.02450182695573092
  },
  "PP-LOAD-Form-Indicators" : {
    "transaction" : "PP-LOAD-Form-Indicators",
    "sampleCount" : 30,
    "errorCount" : 0,
    "errorPct" : 0.0,
    "meanResTime" : 565.5,
    "medianResTime" : 538.5,
    "minResTime" : 372.0,
    "maxResTime" : 940.0,
    "pct1ResTime" : 709.9,
    "pct2ResTime" : 896.55,
    "pct3ResTime" : 940.0,
    "throughput" : 0.006295573393479842,
    "receivedKBytesPerSec" : 0.14874480759468595,
    "sentKBytesPerSec" : 0.00231165585541838
  },
  "PP-LOAD-Set-Request-Service" : {
    "transaction" : "PP-LOAD-Set-Request-Service",
    "sampleCount" : 30,
    "errorCount" : 0,
    "errorPct" : 0.0,
    "meanResTime" : 341.86666666666673,
    "medianResTime" : 362.0,
    "minResTime" : 146.0,
    "maxResTime" : 411.0,
    "pct1ResTime" : 403.9,
    "pct2ResTime" : 409.35,
    "pct3ResTime" : 411.0,
    "throughput" : 0.0062944255308613585,
    "receivedKBytesPerSec" : 0.002975099567321189,
    "sentKBytesPerSec" : 0.002606285571372281
  }
}