{
  "PP-LOAD-ReportBuilder-Request-Main-Page" : {
    "transaction" : "PP-LOAD-ReportBuilder-Request-Main-Page",
    "sampleCount" : 1000,
    "errorCount" : 0,
    "errorPct" : 0.0,
    "meanResTime" : 41672.64299999994,
    "medianResTime" : 41721.0,
    "minResTime" : 40188.0,
    "maxResTime" : 47141.0,
    "pct1ResTime" : 42212.2,
    "pct2ResTime" : 42696.6,
    "pct3ResTime" : 43971.340000000004,
    "throughput" : 9.410524730858993,
    "receivedKBytesPerSec" : 6006.254433239385,
    "sentKBytesPerSec" : 2.122882043777761
  },
  "PP-LOAD-Form-Indicators-1" : {
    "transaction" : "PP-LOAD-Form-Indicators-1",
    "sampleCount" : 1091,
    "errorCount" : 0,
    "errorPct" : 0.0,
    "meanResTime" : 37972.36480293313,
    "medianResTime" : 39786.0,
    "minResTime" : 357.0,
    "maxResTime" : 40300.0,
    "pct1ResTime" : 39889.8,
    "pct2ResTime" : 39939.2,
    "pct3ResTime" : 40012.56,
    "throughput" : 0.27038916460652923,
    "receivedKBytesPerSec" : 6.347104306461706,
    "sentKBytesPerSec" : 0.05571495481638444
  },
  "PP-LOAD-Form-Indicators-0" : {
    "transaction" : "PP-LOAD-Form-Indicators-0",
    "sampleCount" : 1091,
    "errorCount" : 0,
    "errorPct" : 0.0,
    "meanResTime" : 228.75252062328136,
    "medianResTime" : 209.0,
    "minResTime" : 197.0,
    "maxResTime" : 3867.0,
    "pct1ResTime" : 238.80000000000007,
    "pct2ResTime" : 259.0,
    "pct3ResTime" : 302.2399999999998,
    "throughput" : 0.2730889716861054,
    "receivedKBytesPerSec" : 0.1258769478865642,
    "sentKBytesPerSec" : 0.04400359407051503
  },
  "PP-LOAD-Form-Categories" : {
    "transaction" : "PP-LOAD-Form-Categories",
    "sampleCount" : 2525,
    "errorCount" : 118,
    "errorPct" : 4.6732674,
    "meanResTime" : 29018.723960396044,
    "medianResTime" : 28684.0,
    "minResTime" : 6738.0,
    "maxResTime" : 51711.0,
    "pct1ResTime" : 43694.0,
    "pct2ResTime" : 46276.99999999999,
    "pct3ResTime" : 50508.579999999965,
    "throughput" : 0.6357306294765507,
    "receivedKBytesPerSec" : 14.344140470788115,
    "sentKBytesPerSec" : 0.09764990646262357
  },
  "PP-LOAD-Set-Request-Initiator" : {
    "transaction" : "PP-LOAD-Set-Request-Initiator",
    "sampleCount" : 1000,
    "errorCount" : 0,
    "errorPct" : 0.0,
    "meanResTime" : 40002.471000000005,
    "medianResTime" : 40002.0,
    "minResTime" : 39782.0,
    "maxResTime" : 40961.0,
    "pct1ResTime" : 40013.0,
    "pct2ResTime" : 40033.0,
    "pct3ResTime" : 40129.92,
    "throughput" : 9.465125744195513,
    "receivedKBytesPerSec" : 4.593913569204267,
    "sentKBytesPerSec" : 4.2334253816811955
  },
  "PP-LOAD-CreateRequest" : {
    "transaction" : "PP-LOAD-CreateRequest",
    "sampleCount" : 1024,
    "errorCount" : 0,
    "errorPct" : 0.0,
    "meanResTime" : 34285.499999999985,
    "medianResTime" : 34730.5,
    "minResTime" : 1186.0,
    "maxResTime" : 40082.0,
    "pct1ResTime" : 37320.0,
    "pct2ResTime" : 38723.5,
    "pct3ResTime" : 39943.75,
    "throughput" : 0.2557760041643531,
    "receivedKBytesPerSec" : 0.12414128327117527,
    "sentKBytesPerSec" : 0.1371299084826463
  },
  "PP-LOAD-ReportBuilder-Workflow-Steps" : {
    "transaction" : "PP-LOAD-ReportBuilder-Workflow-Steps",
    "sampleCount" : 1000,
    "errorCount" : 0,
    "errorPct" : 0.0,
    "meanResTime" : 38678.52199999997,
    "medianResTime" : 38469.0,
    "minResTime" : 37429.0,
    "maxResTime" : 40521.0,
    "pct1ResTime" : 39425.8,
    "pct2ResTime" : 39657.7,
    "pct3ResTime" : 40362.81,
    "throughput" : 9.493430546062125,
    "receivedKBytesPerSec" : 406.4988966112013,
    "sentKBytesPerSec" : 1.9468949362041468
  },
  "PP-LOAD-Form-All-Form-Metadata" : {
    "transaction" : "PP-LOAD-Form-All-Form-Metadata",
    "sampleCount" : 1038,
    "errorCount" : 0,
    "errorPct" : 0.0,
    "meanResTime" : 44196.22254335267,
    "medianResTime" : 45351.0,
    "minResTime" : 2421.0,
    "maxResTime" : 53492.0,
    "pct1ResTime" : 48312.3,
    "pct2ResTime" : 49285.1,
    "pct3ResTime" : 50963.919999999984,
    "throughput" : 0.2616520224718252,
    "receivedKBytesPerSec" : 167.00111616061074,
    "sentKBytesPerSec" : 0.05902501678807774
  },
  "PP-LOAD-Form-All-Forms" : {
    "transaction" : "PP-LOAD-Form-All-Forms",
    "sampleCount" : 1909,
    "errorCount" : 2,
    "errorPct" : 0.10476689,
    "meanResTime" : 36803.866946045,
    "medianResTime" : 39995.0,
    "minResTime" : 4.0,
    "maxResTime" : 40426.0,
    "pct1ResTime" : 40055.0,
    "pct2ResTime" : 40102.5,
    "pct3ResTime" : 40168.8,
    "throughput" : 0.4768456349016035,
    "receivedKBytesPerSec" : 11.184717020123186,
    "sentKBytesPerSec" : 0.09682926573578106
  },
  "PP-LOAD-Set-Request-Title" : {
    "transaction" : "PP-LOAD-Set-Request-Title",
    "sampleCount" : 1005,
    "errorCount" : 0,
    "errorPct" : 0.0,
    "meanResTime" : 39058.36119402982,
    "medianResTime" : 39999.0,
    "minResTime" : 3978.0,
    "maxResTime" : 40199.0,
    "pct1ResTime" : 40006.0,
    "pct2ResTime" : 40015.7,
    "pct3ResTime" : 40114.9,
    "throughput" : 0.24869109299859096,
    "receivedKBytesPerSec" : 0.12070261056669895,
    "sentKBytesPerSec" : 0.13211714315550147
  },
  "PP-LOAD-ReportBuilder-Dependencies" : {
    "transaction" : "PP-LOAD-ReportBuilder-Dependencies",
    "sampleCount" : 1000,
    "errorCount" : 0,
    "errorPct" : 0.0,
    "meanResTime" : 38720.489999999954,
    "medianResTime" : 39249.0,
    "minResTime" : 32883.0,
    "maxResTime" : 40004.0,
    "pct1ResTime" : 39810.0,
    "pct2ResTime" : 39843.0,
    "pct3ResTime" : 39926.98,
    "throughput" : 10.219724067450178,
    "receivedKBytesPerSec" : 49.63153104241186,
    "sentKBytesPerSec" : 2.1657032447623914
  },
  "Total" : {
    "transaction" : "Total",
    "sampleCount" : 15774,
    "errorCount" : 120,
    "errorPct" : 0.7607455,
    "meanResTime" : 34626.750285279624,
    "medianResTime" : 39878.0,
    "minResTime" : 4.0,
    "maxResTime" : 53492.0,
    "pct1ResTime" : 41913.5,
    "pct2ResTime" : 44926.5,
    "pct3ResTime" : 48602.75,
    "throughput" : 3.60885865669651,
    "receivedKBytesPerSec" : 344.1764735944063,
    "sentKBytesPerSec" : 1.006121153147479
  },
  "PP-LOAD-Form-Indicators" : {
    "transaction" : "PP-LOAD-Form-Indicators",
    "sampleCount" : 1091,
    "errorCount" : 0,
    "errorPct" : 0.0,
    "meanResTime" : 38204.50779101734,
    "medianResTime" : 39998.0,
    "minResTime" : 1043.0,
    "maxResTime" : 40510.0,
    "pct1ResTime" : 40099.0,
    "pct2ResTime" : 40152.0,
    "pct3ResTime" : 40223.96,
    "throughput" : 0.2703754278053,
    "receivedKBytesPerSec" : 6.471408023099627,
    "sentKBytesPerSec" : 0.09927847739725858
  },
  "PP-LOAD-Set-Request-Service" : {
    "transaction" : "PP-LOAD-Set-Request-Service",
    "sampleCount" : 1000,
    "errorCount" : 0,
    "errorPct" : 0.0,
    "meanResTime" : 40001.15199999995,
    "medianResTime" : 40001.0,
    "minResTime" : 39803.0,
    "maxResTime" : 40967.0,
    "pct1ResTime" : 40007.0,
    "pct2ResTime" : 40027.0,
    "pct3ResTime" : 40084.99,
    "throughput" : 9.465932110334904,
    "receivedKBytesPerSec" : 4.594304940269969,
    "sentKBytesPerSec" : 3.9194875144355468
  }
}