{
  "PP-LOAD-ReportBuilder-Request-Main-Page" : {
    "transaction" : "PP-LOAD-ReportBuilder-Request-Main-Page",
    "sampleCount" : 1000,
    "errorCount" : 0,
    "errorPct" : 0.0,
    "meanResTime" : 41838.44299999995,
    "medianResTime" : 41628.0,
    "minResTime" : 40108.0,
    "maxResTime" : 54561.0,
    "pct1ResTime" : 43050.9,
    "pct2ResTime" : 44133.4,
    "pct3ResTime" : 47713.060000000005,
    "throughput" : 10.23719582731898,
    "receivedKBytesPerSec" : 6533.971094637756,
    "sentKBytesPerSec" : 2.30936741807684
  },
  "PP-LOAD-Form-Indicators-1" : {
    "transaction" : "PP-LOAD-Form-Indicators-1",
    "sampleCount" : 1000,
    "errorCount" : 0,
    "errorPct" : 0.0,
    "meanResTime" : 39816.18999999997,
    "medianResTime" : 39805.0,
    "minResTime" : 39576.0,
    "maxResTime" : 40073.0,
    "pct1ResTime" : 39898.0,
    "pct2ResTime" : 39926.95,
    "pct3ResTime" : 39993.95,
    "throughput" : 10.716850103417604,
    "receivedKBytesPerSec" : 251.64136303932546,
    "sentKBytesPerSec" : 2.208257199044057
  },
  "PP-LOAD-Form-Indicators-0" : {
    "transaction" : "PP-LOAD-Form-Indicators-0",
    "sampleCount" : 1000,
    "errorCount" : 0,
    "errorPct" : 0.0,
    "meanResTime" : 197.5919999999999,
    "medianResTime" : 195.0,
    "minResTime" : 185.0,
    "maxResTime" : 534.0,
    "pct1ResTime" : 205.0,
    "pct2ResTime" : 213.0,
    "pct3ResTime" : 261.9200000000001,
    "throughput" : 18.67553131886602,
    "receivedKBytesPerSec" : 8.608252717289806,
    "sentKBytesPerSec" : 3.0092408863407165
  },
  "PP-LOAD-Form-Categories" : {
    "transaction" : "PP-LOAD-Form-Categories",
    "sampleCount" : 1000,
    "errorCount" : 0,
    "errorPct" : 0.0,
    "meanResTime" : 26674.19600000003,
    "medianResTime" : 26632.0,
    "minResTime" : 6660.0,
    "maxResTime" : 48383.0,
    "pct1ResTime" : 43621.1,
    "pct2ResTime" : 45636.399999999994,
    "pct3ResTime" : 47530.86,
    "throughput" : 20.613456464379947,
    "receivedKBytesPerSec" : 485.19100299925793,
    "sentKBytesPerSec" : 3.321504215451847
  },
  "PP-LOAD-Set-Request-Initiator" : {
    "transaction" : "PP-LOAD-Set-Request-Initiator",
    "sampleCount" : 1000,
    "errorCount" : 0,
    "errorPct" : 0.0,
    "meanResTime" : 40008.84699999998,
    "medianResTime" : 40008.0,
    "minResTime" : 39808.0,
    "maxResTime" : 40215.0,
    "pct1ResTime" : 40015.0,
    "pct2ResTime" : 40025.0,
    "pct3ResTime" : 40089.98,
    "throughput" : 10.247686584753492,
    "receivedKBytesPerSec" : 4.953715683059549,
    "sentKBytesPerSec" : 4.583437945133886
  },
  "PP-LOAD-CreateRequest" : {
    "transaction" : "PP-LOAD-CreateRequest",
    "sampleCount" : 1000,
    "errorCount" : 0,
    "errorPct" : 0.0,
    "meanResTime" : 37315.38800000003,
    "medianResTime" : 37199.0,
    "minResTime" : 36495.0,
    "maxResTime" : 39993.0,
    "pct1ResTime" : 37651.9,
    "pct2ResTime" : 39241.75,
    "pct3ResTime" : 39774.94,
    "throughput" : 10.66791836908864,
    "receivedKBytesPerSec" : 5.052676180671865,
    "sentKBytesPerSec" : 5.719421078739905
  },
  "PP-LOAD-ReportBuilder-Workflow-Steps" : {
    "transaction" : "PP-LOAD-ReportBuilder-Workflow-Steps",
    "sampleCount" : 1000,
    "errorCount" : 0,
    "errorPct" : 0.0,
    "meanResTime" : 38461.149000000005,
    "medianResTime" : 38397.0,
    "minResTime" : 36683.0,
    "maxResTime" : 42617.0,
    "pct1ResTime" : 39785.0,
    "pct2ResTime" : 40085.7,
    "pct3ResTime" : 40711.26,
    "throughput" : 10.311085447965107,
    "receivedKBytesPerSec" : 441.51775875024487,
    "sentKBytesPerSec" : 2.114578070383469
  },
  "PP-LOAD-Form-All-Form-Metadata" : {
    "transaction" : "PP-LOAD-Form-All-Form-Metadata",
    "sampleCount" : 1000,
    "errorCount" : 0,
    "errorPct" : 0.0,
    "meanResTime" : 42768.88900000001,
    "medianResTime" : 42731.5,
    "minResTime" : 40531.0,
    "maxResTime" : 44338.0,
    "pct1ResTime" : 43369.9,
    "pct2ResTime" : 43527.95,
    "pct3ResTime" : 43938.94,
    "throughput" : 10.417317749025981,
    "receivedKBytesPerSec" : 6649.022843387347,
    "sentKBytesPerSec" : 2.3500003906494156
  },
  "PP-LOAD-Form-All-Forms" : {
    "transaction" : "PP-LOAD-Form-All-Forms",
    "sampleCount" : 1000,
    "errorCount" : 0,
    "errorPct" : 0.0,
    "meanResTime" : 39691.00399999998,
    "medianResTime" : 40000.0,
    "minResTime" : 27057.0,
    "maxResTime" : 40611.0,
    "pct1ResTime" : 40058.8,
    "pct2ResTime" : 40093.95,
    "pct3ResTime" : 40111.98,
    "throughput" : 12.435954832612047,
    "receivedKBytesPerSec" : 292.0067487400823,
    "sentKBytesPerSec" : 2.56248678679799
  },
  "PP-LOAD-Set-Request-Title" : {
    "transaction" : "PP-LOAD-Set-Request-Title",
    "sampleCount" : 1000,
    "errorCount" : 0,
    "errorPct" : 0.0,
    "meanResTime" : 39801.125,
    "medianResTime" : 39996.0,
    "minResTime" : 36515.0,
    "maxResTime" : 40320.0,
    "pct1ResTime" : 40000.0,
    "pct2ResTime" : 40001.0,
    "pct3ResTime" : 40071.68,
    "throughput" : 10.607716052656704,
    "receivedKBytesPerSec" : 5.86324930254267,
    "sentKBytesPerSec" : 5.635349152973873
  },
  "PP-LOAD-ReportBuilder-Dependencies" : {
    "transaction" : "PP-LOAD-ReportBuilder-Dependencies",
    "sampleCount" : 1000,
    "errorCount" : 0,
    "errorPct" : 0.0,
    "meanResTime" : 39234.46600000004,
    "medianResTime" : 39771.0,
    "minResTime" : 35490.0,
    "maxResTime" : 40813.0,
    "pct1ResTime" : 39820.0,
    "pct2ResTime" : 39826.0,
    "pct3ResTime" : 39919.87,
    "throughput" : 10.92812571715825,
    "receivedKBytesPerSec" : 53.071908945490506,
    "sentKBytesPerSec" : 2.315823516233731
  },
  "Total" : {
    "transaction" : "Total",
    "sampleCount" : 13000,
    "errorCount" : 0,
    "errorPct" : 0.0,
    "meanResTime" : 35832.51646153869,
    "medianResTime" : 39987.0,
    "minResTime" : 185.0,
    "maxResTime" : 54561.0,
    "pct1ResTime" : 42248.9,
    "pct2ResTime" : 42848.95,
    "pct3ResTime" : 44219.86,
    "throughput" : 29.091885601754463,
    "receivedKBytesPerSec" : 3180.1568929411615,
    "sentKBytesPerSec" : 8.724069059660744
  },
  "PP-LOAD-Form-Indicators" : {
    "transaction" : "PP-LOAD-Form-Indicators",
    "sampleCount" : 1000,
    "errorCount" : 0,
    "errorPct" : 0.0,
    "meanResTime" : 40013.919000000016,
    "medianResTime" : 40000.0,
    "minResTime" : 39765.0,
    "maxResTime" : 40280.0,
    "pct1ResTime" : 40093.0,
    "pct2ResTime" : 40123.85,
    "pct3ResTime" : 40205.98,
    "throughput" : 10.694043417816276,
    "receivedKBytesPerSec" : 256.035127008475,
    "sentKBytesPerSec" : 3.926719067479414
  },
  "PP-LOAD-Set-Request-Service" : {
    "transaction" : "PP-LOAD-Set-Request-Service",
    "sampleCount" : 1000,
    "errorCount" : 0,
    "errorPct" : 0.0,
    "meanResTime" : 40001.50600000001,
    "medianResTime" : 40001.0,
    "minResTime" : 39840.0,
    "maxResTime" : 40193.0,
    "pct1ResTime" : 40005.0,
    "pct2ResTime" : 40014.0,
    "pct3ResTime" : 40079.92,
    "throughput" : 10.249682259849944,
    "receivedKBytesPerSec" : 4.8445763806322,
    "sentKBytesPerSec" : 4.244009060719118
  }
}