{
  "PP-LOAD-ReportBuilder-Request-Main-Page" : {
    "transaction" : "PP-LOAD-ReportBuilder-Request-Main-Page",
    "sampleCount" : 1500,
    "errorCount" : 0,
    "errorPct" : 0.0,
    "meanResTime" : 61918.96399999999,
    "medianResTime" : 61753.5,
    "minResTime" : 59432.0,
    "maxResTime" : 65494.0,
    "pct1ResTime" : 63080.9,
    "pct2ResTime" : 63740.25,
    "pct3ResTime" : 64395.99,
    "throughput" : 5.889790244936743,
    "receivedKBytesPerSec" : 3644.3801592415225,
    "sentKBytesPerSec" : 1.32865385408241
  },
  "PP-LOAD-Form-Indicators-1" : {
    "transaction" : "PP-LOAD-Form-Indicators-1",
    "sampleCount" : 1500,
    "errorCount" : 0,
    "errorPct" : 0.0,
    "meanResTime" : 59806.8473333333,
    "medianResTime" : 59797.0,
    "minResTime" : 59566.0,
    "maxResTime" : 60236.0,
    "pct1ResTime" : 59889.0,
    "pct2ResTime" : 59935.95,
    "pct3ResTime" : 60004.99,
    "throughput" : 8.673879479335927,
    "receivedKBytesPerSec" : 200.984584709107,
    "sentKBytesPerSec" : 1.7872935255272273
  },
  "PP-LOAD-Form-Indicators-0" : {
    "transaction" : "PP-LOAD-Form-Indicators-0",
    "sampleCount" : 1500,
    "errorCount" : 0,
    "errorPct" : 0.0,
    "meanResTime" : 204.63333333333333,
    "medianResTime" : 202.0,
    "minResTime" : 186.0,
    "maxResTime" : 521.0,
    "pct1ResTime" : 211.0,
    "pct2ResTime" : 217.0,
    "pct3ResTime" : 296.8900000000001,
    "throughput" : 13.278331533381724,
    "receivedKBytesPerSec" : 6.12048094116814,
    "sentKBytesPerSec" : 2.1395749052812354
  },
  "PP-LOAD-Form-Categories" : {
    "transaction" : "PP-LOAD-Form-Categories",
    "sampleCount" : 1500,
    "errorCount" : 22,
    "errorPct" : 1.4666667,
    "meanResTime" : 41721.98800000004,
    "medianResTime" : 42275.0,
    "minResTime" : 10194.0,
    "maxResTime" : 75572.0,
    "pct1ResTime" : 67612.0,
    "pct2ResTime" : 70840.3,
    "pct3ResTime" : 73676.69,
    "throughput" : 19.78056757041882,
    "receivedKBytesPerSec" : 453.5358846281913,
    "sentKBytesPerSec" : 3.1405514410143476
  },
  "PP-LOAD-Set-Request-Initiator" : {
    "transaction" : "PP-LOAD-Set-Request-Initiator",
    "sampleCount" : 1500,
    "errorCount" : 0,
    "errorPct" : 0.0,
    "meanResTime" : 59774.708666666666,
    "medianResTime" : 59934.0,
    "minResTime" : 52278.0,
    "maxResTime" : 60206.0,
    "pct1ResTime" : 60013.9,
    "pct2ResTime" : 60075.95,
    "pct3ResTime" : 60129.98,
    "throughput" : 6.092236460004468,
    "receivedKBytesPerSec" : 2.956876484982637,
    "sentKBytesPerSec" : 2.7248479479316856
  },
  "PP-LOAD-CreateRequest" : {
    "transaction" : "PP-LOAD-CreateRequest",
    "sampleCount" : 1500,
    "errorCount" : 0,
    "errorPct" : 0.0,
    "meanResTime" : 46700.51466666662,
    "medianResTime" : 47931.5,
    "minResTime" : 28579.0,
    "maxResTime" : 61252.0,
    "pct1ResTime" : 59354.700000000004,
    "pct2ResTime" : 60226.95,
    "pct3ResTime" : 60728.95,
    "throughput" : 7.150416154220175,
    "receivedKBytesPerSec" : 3.4704656529760034,
    "sentKBytesPerSec" : 3.8335727233074968
  },
  "PP-LOAD-ReportBuilder-Workflow-Steps" : {
    "transaction" : "PP-LOAD-ReportBuilder-Workflow-Steps",
    "sampleCount" : 1500,
    "errorCount" : 0,
    "errorPct" : 0.0,
    "meanResTime" : 56011.21399999996,
    "medianResTime" : 58585.5,
    "minResTime" : 46541.0,
    "maxResTime" : 60434.0,
    "pct1ResTime" : 59919.9,
    "pct2ResTime" : 60109.85,
    "pct3ResTime" : 60301.87,
    "throughput" : 6.265978244523535,
    "receivedKBytesPerSec" : 266.17765438587145,
    "sentKBytesPerSec" : 1.285015069677678
  },
  "PP-LOAD-Form-All-Form-Metadata" : {
    "transaction" : "PP-LOAD-Form-All-Form-Metadata",
    "sampleCount" : 1500,
    "errorCount" : 0,
    "errorPct" : 0.0,
    "meanResTime" : 88270.83799999997,
    "medianResTime" : 90302.5,
    "minResTime" : 61473.0,
    "maxResTime" : 131608.0,
    "pct1ResTime" : 110527.90000000001,
    "pct2ResTime" : 115331.65,
    "pct3ResTime" : 121334.59,
    "throughput" : 7.073169581598442,
    "receivedKBytesPerSec" : 4376.632967372942,
    "sentKBytesPerSec" : 1.5956075911613674
  },
  "PP-LOAD-Form-All-Forms" : {
    "transaction" : "PP-LOAD-Form-All-Forms",
    "sampleCount" : 1500,
    "errorCount" : 0,
    "errorPct" : 0.0,
    "meanResTime" : 57209.48866666667,
    "medianResTime" : 59966.0,
    "minResTime" : 10365.0,
    "maxResTime" : 60247.0,
    "pct1ResTime" : 60041.0,
    "pct2ResTime" : 60074.95,
    "pct3ResTime" : 60114.98,
    "throughput" : 12.182939012207305,
    "receivedKBytesPerSec" : 282.3032848756934,
    "sentKBytesPerSec" : 2.502324910861496
  },
  "PP-LOAD-Set-Request-Title" : {
    "transaction" : "PP-LOAD-Set-Request-Title",
    "sampleCount" : 1500,
    "errorCount" : 0,
    "errorPct" : 0.0,
    "meanResTime" : 47998.39733333334,
    "medianResTime" : 59722.0,
    "minResTime" : 27806.0,
    "maxResTime" : 60086.0,
    "pct1ResTime" : 60000.0,
    "pct2ResTime" : 60002.0,
    "pct3ResTime" : 60007.0,
    "throughput" : 7.159904534606206,
    "receivedKBytesPerSec" : 3.475070853221957,
    "sentKBytesPerSec" : 3.8036992840095465
  },
  "PP-LOAD-ReportBuilder-Dependencies" : {
    "transaction" : "PP-LOAD-ReportBuilder-Dependencies",
    "sampleCount" : 1500,
    "errorCount" : 0,
    "errorPct" : 0.0,
    "meanResTime" : 45414.59799999995,
    "medianResTime" : 46652.5,
    "minResTime" : 28918.0,
    "maxResTime" : 59973.0,
    "pct1ResTime" : 59450.8,
    "pct2ResTime" : 59675.9,
    "pct3ResTime" : 59799.95,
    "throughput" : 7.210845111047015,
    "receivedKBytesPerSec" : 35.01907493870782,
    "sentKBytesPerSec" : 1.5280794815402365
  },
  "Total" : {
    "transaction" : "Total",
    "sampleCount" : 19500,
    "errorCount" : 22,
    "errorPct" : 0.11282051,
    "meanResTime" : 52459.834358974316,
    "medianResTime" : 59818.0,
    "minResTime" : 186.0,
    "maxResTime" : 131608.0,
    "pct1ResTime" : 62680.9,
    "pct2ResTime" : 77815.20000000023,
    "pct3ResTime" : 108421.95000000001,
    "throughput" : 29.098571036326955,
    "receivedKBytesPerSec" : 3089.3061230061885,
    "sentKBytesPerSec" : 8.71930928479443
  },
  "PP-LOAD-Form-Indicators" : {
    "transaction" : "PP-LOAD-Form-Indicators",
    "sampleCount" : 1500,
    "errorCount" : 0,
    "errorPct" : 0.0,
    "meanResTime" : 60011.62933333331,
    "medianResTime" : 60001.0,
    "minResTime" : 59762.0,
    "maxResTime" : 60446.0,
    "pct1ResTime" : 60093.9,
    "pct2ResTime" : 60150.0,
    "pct3ResTime" : 60208.0,
    "throughput" : 8.663058983880935,
    "receivedKBytesPerSec" : 204.72698911053484,
    "sentKBytesPerSec" : 3.1809669706437806
  },
  "PP-LOAD-Set-Request-Service" : {
    "transaction" : "PP-LOAD-Set-Request-Service",
    "sampleCount" : 1500,
    "errorCount" : 0,
    "errorPct" : 0.0,
    "meanResTime" : 56934.02533333336,
    "medianResTime" : 60002.0,
    "minResTime" : 28475.0,
    "maxResTime" : 60363.0,
    "pct1ResTime" : 60121.0,
    "pct2ResTime" : 60160.95,
    "pct3ResTime" : 60206.0,
    "throughput" : 6.947886221415238,
    "receivedKBytesPerSec" : 3.3721674336361067,
    "sentKBytesPerSec" : 2.876859138554747
  }
}