{
  "PP-LOAD-ReportBuilder-Request-Main-Page" : {
    "transaction" : "PP-LOAD-ReportBuilder-Request-Main-Page",
    "sampleCount" : 1000,
    "errorCount" : 68,
    "errorPct" : 6.8,
    "meanResTime" : 36128.02099999995,
    "medianResTime" : 37439.0,
    "minResTime" : 21043.0,
    "maxResTime" : 45741.0,
    "pct1ResTime" : 40291.9,
    "pct2ResTime" : 40818.6,
    "pct3ResTime" : 41618.81,
    "throughput" : 5.4594390972271505,
    "receivedKBytesPerSec" : 3149.4161364470788,
    "sentKBytesPerSec" : 1.1478257442580349
  },
  "PP-LOAD-Form-Indicators-1" : {
    "transaction" : "PP-LOAD-Form-Indicators-1",
    "sampleCount" : 1000,
    "errorCount" : 0,
    "errorPct" : 0.0,
    "meanResTime" : 39608.65299999994,
    "medianResTime" : 39208.0,
    "minResTime" : 38826.0,
    "maxResTime" : 45119.0,
    "pct1ResTime" : 39718.9,
    "pct2ResTime" : 44145.0,
    "pct3ResTime" : 44371.81,
    "throughput" : 8.277734549608462,
    "receivedKBytesPerSec" : 191.79646758025265,
    "sentKBytesPerSec" : 1.7056660058275253
  },
  "PP-LOAD-Form-Indicators-0" : {
    "transaction" : "PP-LOAD-Form-Indicators-0",
    "sampleCount" : 1000,
    "errorCount" : 0,
    "errorPct" : 0.0,
    "meanResTime" : 208.01900000000018,
    "medianResTime" : 202.5,
    "minResTime" : 187.0,
    "maxResTime" : 1376.0,
    "pct1ResTime" : 213.0,
    "pct2ResTime" : 219.0,
    "pct3ResTime" : 283.99,
    "throughput" : 12.422360248447204,
    "receivedKBytesPerSec" : 5.725931677018633,
    "sentKBytesPerSec" : 2.0016498447204967
  },
  "PP-LOAD-Form-Categories" : {
    "transaction" : "PP-LOAD-Form-Categories",
    "sampleCount" : 1000,
    "errorCount" : 0,
    "errorPct" : 0.0,
    "meanResTime" : 39785.96600000001,
    "medianResTime" : 40058.0,
    "minResTime" : 17296.0,
    "maxResTime" : 64865.0,
    "pct1ResTime" : 56894.6,
    "pct2ResTime" : 58892.7,
    "pct3ResTime" : 62523.240000000005,
    "throughput" : 15.200109440787974,
    "receivedKBytesPerSec" : 353.04534192646184,
    "sentKBytesPerSec" : 2.4492363845019685
  },
  "PP-LOAD-Set-Request-Initiator" : {
    "transaction" : "PP-LOAD-Set-Request-Initiator",
    "sampleCount" : 1000,
    "errorCount" : 126,
    "errorPct" : 12.6,
    "meanResTime" : 34057.935999999965,
    "medianResTime" : 34158.5,
    "minResTime" : 21045.0,
    "maxResTime" : 45124.0,
    "pct1ResTime" : 40046.0,
    "pct2ResTime" : 40088.95,
    "pct3ResTime" : 40162.99,
    "throughput" : 5.792668798368784,
    "receivedKBytesPerSec" : 4.5192772776773715,
    "sentKBytesPerSec" : 2.2644130650748413
  },
  "PP-LOAD-CreateRequest" : {
    "transaction" : "PP-LOAD-CreateRequest",
    "sampleCount" : 1000,
    "errorCount" : 0,
    "errorPct" : 0.0,
    "meanResTime" : 31133.38000000001,
    "medianResTime" : 32474.5,
    "minResTime" : 16374.0,
    "maxResTime" : 45159.0,
    "pct1ResTime" : 39373.8,
    "pct2ResTime" : 39811.399999999994,
    "pct3ResTime" : 44187.01,
    "throughput" : 6.515549358544166,
    "receivedKBytesPerSec" : 3.1623320617152832,
    "sentKBytesPerSec" : 3.493199802578854
  },
  "PP-LOAD-ReportBuilder-Workflow-Steps" : {
    "transaction" : "PP-LOAD-ReportBuilder-Workflow-Steps",
    "sampleCount" : 1000,
    "errorCount" : 102,
    "errorPct" : 10.2,
    "meanResTime" : 32314.56700000005,
    "medianResTime" : 33218.5,
    "minResTime" : 20912.0,
    "maxResTime" : 41948.0,
    "pct1ResTime" : 36890.9,
    "pct2ResTime" : 37062.95,
    "pct3ResTime" : 38388.07,
    "throughput" : 6.132711885195634,
    "receivedKBytesPerSec" : 235.7099188948853,
    "sentKBytesPerSec" : 1.1294011790138598
  },
  "PP-LOAD-Form-All-Form-Metadata" : {
    "transaction" : "PP-LOAD-Form-All-Form-Metadata",
    "sampleCount" : 1000,
    "errorCount" : 0,
    "errorPct" : 0.0,
    "meanResTime" : 61153.397000000026,
    "medianResTime" : 63052.5,
    "minResTime" : 39549.0,
    "maxResTime" : 106209.0,
    "pct1ResTime" : 80809.9,
    "pct2ResTime" : 85296.24999999999,
    "pct3ResTime" : 90270.91,
    "throughput" : 6.533428285824421,
    "receivedKBytesPerSec" : 4042.616097999791,
    "sentKBytesPerSec" : 1.47384954494672
  },
  "PP-LOAD-Form-All-Forms" : {
    "transaction" : "PP-LOAD-Form-All-Forms",
    "sampleCount" : 1000,
    "errorCount" : 0,
    "errorPct" : 0.0,
    "meanResTime" : 38544.76199999991,
    "medianResTime" : 39400.0,
    "minResTime" : 6998.0,
    "maxResTime" : 44802.0,
    "pct1ResTime" : 44256.3,
    "pct2ResTime" : 44411.0,
    "pct3ResTime" : 44723.99,
    "throughput" : 11.455409817286213,
    "receivedKBytesPerSec" : 265.4310634916089,
    "sentKBytesPerSec" : 2.360440890085343
  },
  "PP-LOAD-Set-Request-Title" : {
    "transaction" : "PP-LOAD-Set-Request-Title",
    "sampleCount" : 1000,
    "errorCount" : 0,
    "errorPct" : 0.0,
    "meanResTime" : 31460.093000000004,
    "medianResTime" : 39721.0,
    "minResTime" : 15685.0,
    "maxResTime" : 44929.0,
    "pct1ResTime" : 39897.9,
    "pct2ResTime" : 39924.0,
    "pct3ResTime" : 40084.96,
    "throughput" : 6.30314337760241,
    "receivedKBytesPerSec" : 3.059240486980857,
    "sentKBytesPerSec" : 3.3485449193512804
  },
  "PP-LOAD-ReportBuilder-Dependencies" : {
    "transaction" : "PP-LOAD-ReportBuilder-Dependencies",
    "sampleCount" : 1000,
    "errorCount" : 129,
    "errorPct" : 12.9,
    "meanResTime" : 27719.95999999998,
    "medianResTime" : 27929.0,
    "minResTime" : 7007.0,
    "maxResTime" : 41582.0,
    "pct1ResTime" : 36583.9,
    "pct2ResTime" : 36704.7,
    "pct3ResTime" : 36855.99,
    "throughput" : 7.107371054520644,
    "receivedKBytesPerSec" : 32.65420552029509,
    "sentKBytesPerSec" : 1.3118582821306475
  },
  "Total" : {
    "transaction" : "Total",
    "sampleCount" : 13000,
    "errorCount" : 616,
    "errorPct" : 4.7384615,
    "meanResTime" : 34113.445923077015,
    "medianResTime" : 37822.0,
    "minResTime" : 187.0,
    "maxResTime" : 106209.0,
    "pct1ResTime" : 44364.8,
    "pct2ResTime" : 58343.549999999945,
    "pct3ResTime" : 78981.32999999999,
    "throughput" : 29.441872684283474,
    "receivedKBytesPerSec" : 3023.467662880083,
    "sentKBytesPerSec" : 8.378254158522969
  },
  "PP-LOAD-Form-Indicators" : {
    "transaction" : "PP-LOAD-Form-Indicators",
    "sampleCount" : 1000,
    "errorCount" : 0,
    "errorPct" : 0.0,
    "meanResTime" : 39816.776000000034,
    "medianResTime" : 39410.5,
    "minResTime" : 39029.0,
    "maxResTime" : 45557.0,
    "pct1ResTime" : 39984.5,
    "pct2ResTime" : 44354.25,
    "pct3ResTime" : 44624.48,
    "throughput" : 8.263165288095257,
    "receivedKBytesPerSec" : 195.2676981507036,
    "sentKBytesPerSec" : 3.0341310042224774
  },
  "PP-LOAD-Set-Request-Service" : {
    "transaction" : "PP-LOAD-Set-Request-Service",
    "sampleCount" : 1000,
    "errorCount" : 191,
    "errorPct" : 19.1,
    "meanResTime" : 31543.266999999996,
    "medianResTime" : 34337.0,
    "minResTime" : 15734.0,
    "maxResTime" : 44937.0,
    "pct1ResTime" : 39916.8,
    "pct2ResTime" : 39961.0,
    "pct3ResTime" : 40087.76,
    "throughput" : 6.5772165219679035,
    "receivedKBytesPerSec" : 6.131687179360695,
    "sentKBytesPerSec" : 2.2032133813470143
  }
}