{
  "PP-LOAD-ReportBuilder-Request-Main-Page" : {
    "transaction" : "PP-LOAD-ReportBuilder-Request-Main-Page",
    "sampleCount" : 1500,
    "errorCount" : 0,
    "errorPct" : 0.0,
    "meanResTime" : 61634.47466666664,
    "medianResTime" : 61643.5,
    "minResTime" : 59893.0,
    "maxResTime" : 66992.0,
    "pct1ResTime" : 62105.0,
    "pct2ResTime" : 62194.9,
    "pct3ResTime" : 62491.89,
    "throughput" : 7.132565869245803,
    "receivedKBytesPerSec" : 4413.368727948484,
    "sentKBytesPerSec" : 1.6090065583943167
  },
  "PP-LOAD-Form-Indicators-1" : {
    "transaction" : "PP-LOAD-Form-Indicators-1",
    "sampleCount" : 1500,
    "errorCount" : 0,
    "errorPct" : 0.0,
    "meanResTime" : 59659.72466666668,
    "medianResTime" : 59480.0,
    "minResTime" : 58780.0,
    "maxResTime" : 64838.0,
    "pct1ResTime" : 59721.9,
    "pct2ResTime" : 59872.0,
    "pct3ResTime" : 64644.83,
    "throughput" : 8.338336335134413,
    "receivedKBytesPerSec" : 193.20489863362462,
    "sentKBytesPerSec" : 1.718153287806017
  },
  "PP-LOAD-Form-Indicators-0" : {
    "transaction" : "PP-LOAD-Form-Indicators-0",
    "sampleCount" : 1500,
    "errorCount" : 0,
    "errorPct" : 0.0,
    "meanResTime" : 204.65799999999976,
    "medianResTime" : 202.0,
    "minResTime" : 186.0,
    "maxResTime" : 515.0,
    "pct1ResTime" : 213.0,
    "pct2ResTime" : 223.95000000000005,
    "pct3ResTime" : 290.0,
    "throughput" : 12.745997756704396,
    "receivedKBytesPerSec" : 5.875108340980932,
    "sentKBytesPerSec" : 2.05379846665647
  },
  "PP-LOAD-Form-Categories" : {
    "transaction" : "PP-LOAD-Form-Categories",
    "sampleCount" : 1500,
    "errorCount" : 0,
    "errorPct" : 0.0,
    "meanResTime" : 39290.42466666669,
    "medianResTime" : 39911.0,
    "minResTime" : 6639.0,
    "maxResTime" : 75459.0,
    "pct1ResTime" : 64295.5,
    "pct2ResTime" : 68314.00000000001,
    "pct3ResTime" : 71432.97,
    "throughput" : 19.55824445197799,
    "receivedKBytesPerSec" : 454.2871875570449,
    "sentKBytesPerSec" : 3.1514749361097345
  },
  "PP-LOAD-Set-Request-Initiator" : {
    "transaction" : "PP-LOAD-Set-Request-Initiator",
    "sampleCount" : 1500,
    "errorCount" : 0,
    "errorPct" : 0.0,
    "meanResTime" : 60007.21066666656,
    "medianResTime" : 60009.0,
    "minResTime" : 59554.0,
    "maxResTime" : 65022.0,
    "pct1ResTime" : 60048.0,
    "pct2ResTime" : 60105.8,
    "pct3ResTime" : 60213.99,
    "throughput" : 7.141734870234677,
    "receivedKBytesPerSec" : 3.4523034773107084,
    "sentKBytesPerSec" : 3.194252510319807
  },
  "PP-LOAD-CreateRequest" : {
    "transaction" : "PP-LOAD-CreateRequest",
    "sampleCount" : 1500,
    "errorCount" : 228,
    "errorPct" : 15.2,
    "meanResTime" : 49309.96000000002,
    "medianResTime" : 53789.0,
    "minResTime" : 21001.0,
    "maxResTime" : 64871.0,
    "pct1ResTime" : 58032.5,
    "pct2ResTime" : 59580.8,
    "pct3ResTime" : 59995.58,
    "throughput" : 8.403596739404465,
    "receivedKBytesPerSec" : 6.983979768340849,
    "sentKBytesPerSec" : 3.820616473850808
  },
  "PP-LOAD-ReportBuilder-Workflow-Steps" : {
    "transaction" : "PP-LOAD-ReportBuilder-Workflow-Steps",
    "sampleCount" : 1500,
    "errorCount" : 0,
    "errorPct" : 0.0,
    "meanResTime" : 58845.352666666644,
    "medianResTime" : 58833.0,
    "minResTime" : 57716.0,
    "maxResTime" : 60331.0,
    "pct1ResTime" : 59655.9,
    "pct2ResTime" : 59743.0,
    "pct3ResTime" : 60070.9,
    "throughput" : 7.217576241663699,
    "receivedKBytesPerSec" : 306.6006933835276,
    "sentKBytesPerSec" : 1.4801670026849385
  },
  "PP-LOAD-Form-All-Form-Metadata" : {
    "transaction" : "PP-LOAD-Form-All-Form-Metadata",
    "sampleCount" : 1500,
    "errorCount" : 17,
    "errorPct" : 1.1333333,
    "meanResTime" : 62264.605333333304,
    "medianResTime" : 62456.0,
    "minResTime" : 21017.0,
    "maxResTime" : 69206.0,
    "pct1ResTime" : 63312.4,
    "pct2ResTime" : 63839.6,
    "pct3ResTime" : 67885.99,
    "throughput" : 8.328475056217206,
    "receivedKBytesPerSec" : 5095.215085037201,
    "sentKBytesPerSec" : 1.8587464603981012
  },
  "PP-LOAD-Form-All-Forms" : {
    "transaction" : "PP-LOAD-Form-All-Forms",
    "sampleCount" : 1500,
    "errorCount" : 0,
    "errorPct" : 0.0,
    "meanResTime" : 57944.98933333335,
    "medianResTime" : 59124.0,
    "minResTime" : 9830.0,
    "maxResTime" : 64682.0,
    "pct1ResTime" : 59525.9,
    "pct2ResTime" : 63915.8,
    "pct3ResTime" : 64327.89,
    "throughput" : 11.782078672866659,
    "receivedKBytesPerSec" : 273.00002896427674,
    "sentKBytesPerSec" : 2.427752539037954
  },
  "PP-LOAD-Set-Request-Title" : {
    "transaction" : "PP-LOAD-Set-Request-Title",
    "sampleCount" : 1500,
    "errorCount" : 2,
    "errorPct" : 0.13333334,
    "meanResTime" : 58285.7626666667,
    "medianResTime" : 59914.0,
    "minResTime" : 21034.0,
    "maxResTime" : 64921.0,
    "pct1ResTime" : 59960.0,
    "pct2ResTime" : 59995.0,
    "pct3ResTime" : 60038.93,
    "throughput" : 8.380122349786307,
    "receivedKBytesPerSec" : 4.657373023687812,
    "sentKBytesPerSec" : 4.44600407832621
  },
  "PP-LOAD-ReportBuilder-Dependencies" : {
    "transaction" : "PP-LOAD-ReportBuilder-Dependencies",
    "sampleCount" : 1500,
    "errorCount" : 0,
    "errorPct" : 0.0,
    "meanResTime" : 53781.08400000008,
    "medianResTime" : 54747.0,
    "minResTime" : 40735.0,
    "maxResTime" : 59381.0,
    "pct1ResTime" : 58976.8,
    "pct2ResTime" : 59138.9,
    "pct3ResTime" : 59335.99,
    "throughput" : 7.968931791256487,
    "receivedKBytesPerSec" : 38.7006814432798,
    "sentKBytesPerSec" : 1.6887287096705643
  },
  "Total" : {
    "transaction" : "Total",
    "sampleCount" : 19500,
    "errorCount" : 247,
    "errorPct" : 1.2666667,
    "meanResTime" : 52391.23758974355,
    "medianResTime" : 59511.0,
    "minResTime" : 186.0,
    "maxResTime" : 75459.0,
    "pct1ResTime" : 62010.0,
    "pct2ResTime" : 62690.9,
    "pct3ResTime" : 65177.3700000001,
    "throughput" : 29.63615915377367,
    "receivedKBytesPerSec" : 3132.054346850398,
    "sentKBytesPerSec" : 8.694407267318155
  },
  "PP-LOAD-Form-Indicators" : {
    "transaction" : "PP-LOAD-Form-Indicators",
    "sampleCount" : 1500,
    "errorCount" : 0,
    "errorPct" : 0.0,
    "meanResTime" : 59864.54933333329,
    "medianResTime" : 59683.0,
    "minResTime" : 58991.0,
    "maxResTime" : 65037.0,
    "pct1ResTime" : 59925.9,
    "pct2ResTime" : 60063.7,
    "pct3ResTime" : 64844.78,
    "throughput" : 8.329261250055527,
    "receivedKBytesPerSec" : 196.83389162520547,
    "sentKBytesPerSec" : 3.0584006152547643
  },
  "PP-LOAD-Set-Request-Service" : {
    "transaction" : "PP-LOAD-Set-Request-Service",
    "sampleCount" : 1500,
    "errorCount" : 0,
    "errorPct" : 0.0,
    "meanResTime" : 59993.29266666664,
    "medianResTime" : 60000.0,
    "minResTime" : 55071.0,
    "maxResTime" : 65005.0,
    "pct1ResTime" : 60038.0,
    "pct2ResTime" : 60082.95,
    "pct3ResTime" : 60162.99,
    "throughput" : 7.308588078231127,
    "receivedKBytesPerSec" : 3.454449833851431,
    "sentKBytesPerSec" : 3.0262122511425757
  }
}