{
  "PP-LOAD-ReportBuilder-Request-Main-Page" : {
    "transaction" : "PP-LOAD-ReportBuilder-Request-Main-Page",
    "sampleCount" : 1000,
    "errorCount" : 0,
    "errorPct" : 0.0,
    "meanResTime" : 40664.309000000016,
    "medianResTime" : 40660.0,
    "minResTime" : 40028.0,
    "maxResTime" : 43585.0,
    "pct1ResTime" : 40836.8,
    "pct2ResTime" : 40917.9,
    "pct3ResTime" : 41417.91,
    "throughput" : 8.517669906220455,
    "receivedKBytesPerSec" : 5436.468006101313,
    "sentKBytesPerSec" : 1.9214665511102782
  },
  "PP-LOAD-Form-Indicators-1" : {
    "transaction" : "PP-LOAD-Form-Indicators-1",
    "sampleCount" : 1000,
    "errorCount" : 0,
    "errorPct" : 0.0,
    "meanResTime" : 39832.35199999993,
    "medianResTime" : 39806.0,
    "minResTime" : 39571.0,
    "maxResTime" : 40720.0,
    "pct1ResTime" : 39936.0,
    "pct2ResTime" : 39981.95,
    "pct3ResTime" : 40080.94,
    "throughput" : 8.9800463370391,
    "receivedKBytesPerSec" : 210.859608621518,
    "sentKBytesPerSec" : 1.850380641714111
  },
  "PP-LOAD-Form-Indicators-0" : {
    "transaction" : "PP-LOAD-Form-Indicators-0",
    "sampleCount" : 1000,
    "errorCount" : 0,
    "errorPct" : 0.0,
    "meanResTime" : 202.93399999999983,
    "medianResTime" : 200.0,
    "minResTime" : 191.0,
    "maxResTime" : 1204.0,
    "pct1ResTime" : 206.0,
    "pct2ResTime" : 211.0,
    "pct3ResTime" : 255.0,
    "throughput" : 13.966090332672271,
    "receivedKBytesPerSec" : 6.437494762716125,
    "sentKBytesPerSec" : 2.2503954149325436
  },
  "PP-LOAD-Form-Categories" : {
    "transaction" : "PP-LOAD-Form-Categories",
    "sampleCount" : 1000,
    "errorCount" : 0,
    "errorPct" : 0.0,
    "meanResTime" : 27212.10999999998,
    "medianResTime" : 27930.5,
    "minResTime" : 6134.0,
    "maxResTime" : 49140.0,
    "pct1ResTime" : 44439.5,
    "pct2ResTime" : 46636.6,
    "pct3ResTime" : 48194.1,
    "throughput" : 20.27369488089204,
    "receivedKBytesPerSec" : 477.19223184870754,
    "sentKBytesPerSec" : 3.266757475924987
  },
  "PP-LOAD-Set-Request-Initiator" : {
    "transaction" : "PP-LOAD-Set-Request-Initiator",
    "sampleCount" : 1000,
    "errorCount" : 0,
    "errorPct" : 0.0,
    "meanResTime" : 40007.86300000005,
    "medianResTime" : 40007.0,
    "minResTime" : 39727.0,
    "maxResTime" : 40305.0,
    "pct1ResTime" : 40012.0,
    "pct2ResTime" : 40043.85,
    "pct3ResTime" : 40164.99,
    "throughput" : 8.53475351631845,
    "receivedKBytesPerSec" : 4.125686514235968,
    "sentKBytesPerSec" : 3.8173018656971185
  },
  "PP-LOAD-CreateRequest" : {
    "transaction" : "PP-LOAD-CreateRequest",
    "sampleCount" : 1000,
    "errorCount" : 0,
    "errorPct" : 0.0,
    "meanResTime" : 37450.80999999994,
    "medianResTime" : 37144.0,
    "minResTime" : 36447.0,
    "maxResTime" : 39992.0,
    "pct1ResTime" : 38929.0,
    "pct2ResTime" : 39588.25,
    "pct3ResTime" : 39829.93,
    "throughput" : 8.790358734539957,
    "receivedKBytesPerSec" : 4.163402330324101,
    "sentKBytesPerSec" : 4.712799751232848
  },
  "PP-LOAD-ReportBuilder-Workflow-Steps" : {
    "transaction" : "PP-LOAD-ReportBuilder-Workflow-Steps",
    "sampleCount" : 1000,
    "errorCount" : 0,
    "errorPct" : 0.0,
    "meanResTime" : 39579.34700000002,
    "medianResTime" : 39523.0,
    "minResTime" : 39200.0,
    "maxResTime" : 40493.0,
    "pct1ResTime" : 39892.8,
    "pct2ResTime" : 40059.5,
    "pct3ResTime" : 40194.97,
    "throughput" : 8.572285800008572,
    "receivedKBytesPerSec" : 367.06225589076763,
    "sentKBytesPerSec" : 1.757988298829883
  },
  "PP-LOAD-Form-All-Form-Metadata" : {
    "transaction" : "PP-LOAD-Form-All-Form-Metadata",
    "sampleCount" : 1000,
    "errorCount" : 0,
    "errorPct" : 0.0,
    "meanResTime" : 42734.17700000004,
    "medianResTime" : 42771.5,
    "minResTime" : 39562.0,
    "maxResTime" : 44220.0,
    "pct1ResTime" : 43434.5,
    "pct2ResTime" : 43627.0,
    "pct3ResTime" : 43899.99,
    "throughput" : 8.756797464031454,
    "receivedKBytesPerSec" : 5589.160796761846,
    "sentKBytesPerSec" : 1.975410365421158
  },
  "PP-LOAD-Form-All-Forms" : {
    "transaction" : "PP-LOAD-Form-All-Forms",
    "sampleCount" : 1000,
    "errorCount" : 0,
    "errorPct" : 0.0,
    "meanResTime" : 38092.29899999999,
    "medianResTime" : 40001.0,
    "minResTime" : 10311.0,
    "maxResTime" : 40241.0,
    "pct1ResTime" : 40046.8,
    "pct2ResTime" : 40096.95,
    "pct3ResTime" : 40106.0,
    "throughput" : 12.2370562537476,
    "receivedKBytesPerSec" : 287.3358800431968,
    "sentKBytesPerSec" : 2.521502802285882
  },
  "PP-LOAD-Set-Request-Title" : {
    "transaction" : "PP-LOAD-Set-Request-Title",
    "sampleCount" : 1000,
    "errorCount" : 0,
    "errorPct" : 0.0,
    "meanResTime" : 39684.92299999996,
    "medianResTime" : 39996.0,
    "minResTime" : 36528.0,
    "maxResTime" : 40285.0,
    "pct1ResTime" : 40000.0,
    "pct2ResTime" : 40012.95,
    "pct3ResTime" : 40093.92,
    "throughput" : 8.760633218569039,
    "receivedKBytesPerSec" : 4.842303126669996,
    "sentKBytesPerSec" : 4.654086397364801
  },
  "PP-LOAD-ReportBuilder-Dependencies" : {
    "transaction" : "PP-LOAD-ReportBuilder-Dependencies",
    "sampleCount" : 1000,
    "errorCount" : 0,
    "errorPct" : 0.0,
    "meanResTime" : 37730.623000000014,
    "medianResTime" : 37367.0,
    "minResTime" : 33603.0,
    "maxResTime" : 39815.0,
    "pct1ResTime" : 39600.0,
    "pct2ResTime" : 39768.0,
    "pct3ResTime" : 39810.0,
    "throughput" : 9.081744784808057,
    "receivedKBytesPerSec" : 44.10499688950241,
    "sentKBytesPerSec" : 1.9245494319368637
  },
  "Total" : {
    "transaction" : "Total",
    "sampleCount" : 13000,
    "errorCount" : 0,
    "errorPct" : 0.0,
    "meanResTime" : 35632.90807692312,
    "medianResTime" : 39981.0,
    "minResTime" : 191.0,
    "maxResTime" : 49140.0,
    "pct1ResTime" : 40791.8,
    "pct2ResTime" : 42768.0,
    "pct3ResTime" : 43869.86,
    "throughput" : 29.15327671617491,
    "receivedKBytesPerSec" : 3186.8647774315514,
    "sentKBytesPerSec" : 8.742479015247165
  },
  "PP-LOAD-Form-Indicators" : {
    "transaction" : "PP-LOAD-Form-Indicators",
    "sampleCount" : 1000,
    "errorCount" : 0,
    "errorPct" : 0.0,
    "meanResTime" : 40035.47000000004,
    "medianResTime" : 40005.0,
    "minResTime" : 39796.0,
    "maxResTime" : 41003.0,
    "pct1ResTime" : 40138.9,
    "pct2ResTime" : 40182.9,
    "pct3ResTime" : 40281.99,
    "throughput" : 8.963464916998316,
    "receivedKBytesPerSec" : 214.60185899461297,
    "sentKBytesPerSec" : 3.291272274210319
  },
  "PP-LOAD-Set-Request-Service" : {
    "transaction" : "PP-LOAD-Set-Request-Service",
    "sampleCount" : 1000,
    "errorCount" : 0,
    "errorPct" : 0.0,
    "meanResTime" : 40000.58799999995,
    "medianResTime" : 40001.0,
    "minResTime" : 39798.0,
    "maxResTime" : 40329.0,
    "pct1ResTime" : 40004.0,
    "pct2ResTime" : 40040.0,
    "pct3ResTime" : 40128.98,
    "throughput" : 8.534972047966543,
    "receivedKBytesPerSec" : 4.034107882046686,
    "sentKBytesPerSec" : 3.5340118636111466
  }
}