{
  "PP-LOAD-ReportBuilder-Request-Main-Page" : {
    "transaction" : "PP-LOAD-ReportBuilder-Request-Main-Page",
    "sampleCount" : 1000,
    "errorCount" : 35,
    "errorPct" : 3.5,
    "meanResTime" : 39872.98599999995,
    "medianResTime" : 40774.0,
    "minResTime" : 21014.0,
    "maxResTime" : 45422.0,
    "pct1ResTime" : 42662.8,
    "pct2ResTime" : 43154.09999999999,
    "pct3ResTime" : 43615.81,
    "throughput" : 4.899415009847824,
    "receivedKBytesPerSec" : 3018.1372037538094,
    "sentKBytesPerSec" : 1.0665557587111598
  },
  "PP-LOAD-Form-Indicators-1" : {
    "transaction" : "PP-LOAD-Form-Indicators-1",
    "sampleCount" : 1000,
    "errorCount" : 0,
    "errorPct" : 0.0,
    "meanResTime" : 39446.04800000005,
    "medianResTime" : 39796.0,
    "minResTime" : 18358.0,
    "maxResTime" : 40453.0,
    "pct1ResTime" : 39944.8,
    "pct2ResTime" : 39989.9,
    "pct3ResTime" : 40076.81,
    "throughput" : 8.104318791483982,
    "receivedKBytesPerSec" : 190.29690013605125,
    "sentKBytesPerSec" : 1.6699328759796095
  },
  "PP-LOAD-Form-Indicators-0" : {
    "transaction" : "PP-LOAD-Form-Indicators-0",
    "sampleCount" : 1000,
    "errorCount" : 0,
    "errorPct" : 0.0,
    "meanResTime" : 219.18699999999998,
    "medianResTime" : 215.0,
    "minResTime" : 205.0,
    "maxResTime" : 673.0,
    "pct1ResTime" : 229.89999999999998,
    "pct2ResTime" : 244.0,
    "pct3ResTime" : 297.98,
    "throughput" : 11.939158050574274,
    "receivedKBytesPerSec" : 5.50320566393658,
    "sentKBytesPerSec" : 1.92379011557105
  },
  "PP-LOAD-Form-Categories" : {
    "transaction" : "PP-LOAD-Form-Categories",
    "sampleCount" : 1000,
    "errorCount" : 0,
    "errorPct" : 0.0,
    "meanResTime" : 32764.81799999999,
    "medianResTime" : 32226.0,
    "minResTime" : 8725.0,
    "maxResTime" : 56368.0,
    "pct1ResTime" : 51341.5,
    "pct2ResTime" : 53708.84999999999,
    "pct3ResTime" : 55660.7,
    "throughput" : 17.613075947583486,
    "receivedKBytesPerSec" : 414.56837712567807,
    "sentKBytesPerSec" : 2.8380444642102294
  },
  "PP-LOAD-Set-Request-Initiator" : {
    "transaction" : "PP-LOAD-Set-Request-Initiator",
    "sampleCount" : 1000,
    "errorCount" : 0,
    "errorPct" : 0.0,
    "meanResTime" : 38651.79000000004,
    "medianResTime" : 39722.0,
    "minResTime" : 18828.0,
    "maxResTime" : 40659.0,
    "pct1ResTime" : 40101.2,
    "pct2ResTime" : 40167.0,
    "pct3ResTime" : 40224.87,
    "throughput" : 5.511281593421734,
    "receivedKBytesPerSec" : 2.6641449108825768,
    "sentKBytesPerSec" : 2.465006806432768
  },
  "PP-LOAD-CreateRequest" : {
    "transaction" : "PP-LOAD-CreateRequest",
    "sampleCount" : 1000,
    "errorCount" : 0,
    "errorPct" : 0.0,
    "meanResTime" : 31374.306999999986,
    "medianResTime" : 31635.5,
    "minResTime" : 17169.0,
    "maxResTime" : 41590.0,
    "pct1ResTime" : 39822.9,
    "pct2ResTime" : 40229.95,
    "pct3ResTime" : 40497.97,
    "throughput" : 5.75612451648554,
    "receivedKBytesPerSec" : 2.7262894438432492,
    "sentKBytesPerSec" : 3.086047226123595
  },
  "PP-LOAD-ReportBuilder-Workflow-Steps" : {
    "transaction" : "PP-LOAD-ReportBuilder-Workflow-Steps",
    "sampleCount" : 1000,
    "errorCount" : 14,
    "errorPct" : 1.4,
    "meanResTime" : 33390.599,
    "medianResTime" : 35067.0,
    "minResTime" : 21050.0,
    "maxResTime" : 40402.0,
    "pct1ResTime" : 40018.9,
    "pct2ResTime" : 40118.8,
    "pct3ResTime" : 40264.94,
    "throughput" : 5.134550906504962,
    "receivedKBytesPerSec" : 216.98585054156678,
    "sentKBytesPerSec" : 1.0382422956063648
  },
  "PP-LOAD-Form-All-Form-Metadata" : {
    "transaction" : "PP-LOAD-Form-All-Form-Metadata",
    "sampleCount" : 1000,
    "errorCount" : 0,
    "errorPct" : 0.0,
    "meanResTime" : 62316.62500000002,
    "medianResTime" : 64595.5,
    "minResTime" : 40108.0,
    "maxResTime" : 95857.0,
    "pct1ResTime" : 82457.0,
    "pct2ResTime" : 85518.65,
    "pct3ResTime" : 88806.73000000001,
    "throughput" : 5.748249657979145,
    "receivedKBytesPerSec" : 3668.896761121785,
    "sentKBytesPerSec" : 1.2967242880792798
  },
  "PP-LOAD-Form-All-Forms" : {
    "transaction" : "PP-LOAD-Form-All-Forms",
    "sampleCount" : 1000,
    "errorCount" : 0,
    "errorPct" : 0.0,
    "meanResTime" : 36949.348999999966,
    "medianResTime" : 39969.5,
    "minResTime" : 2898.0,
    "maxResTime" : 40198.0,
    "pct1ResTime" : 40061.9,
    "pct2ResTime" : 40098.95,
    "pct3ResTime" : 40113.98,
    "throughput" : 11.568316694237822,
    "receivedKBytesPerSec" : 271.6333622661754,
    "sentKBytesPerSec" : 2.3837058813322076
  },
  "PP-LOAD-Set-Request-Title" : {
    "transaction" : "PP-LOAD-Set-Request-Title",
    "sampleCount" : 1000,
    "errorCount" : 0,
    "errorPct" : 0.0,
    "meanResTime" : 32049.176000000018,
    "medianResTime" : 39873.0,
    "minResTime" : 15697.0,
    "maxResTime" : 41123.0,
    "pct1ResTime" : 39998.0,
    "pct2ResTime" : 40008.85,
    "pct3ResTime" : 40491.0,
    "throughput" : 5.7532433909616545,
    "receivedKBytesPerSec" : 3.180015389926071,
    "sentKBytesPerSec" : 3.056410551448379
  },
  "PP-LOAD-ReportBuilder-Dependencies" : {
    "transaction" : "PP-LOAD-ReportBuilder-Dependencies",
    "sampleCount" : 1000,
    "errorCount" : 30,
    "errorPct" : 3.0,
    "meanResTime" : 27725.592999999964,
    "medianResTime" : 22945.0,
    "minResTime" : 16680.0,
    "maxResTime" : 40051.0,
    "pct1ResTime" : 38664.399999999994,
    "pct2ResTime" : 39582.9,
    "pct3ResTime" : 39857.93,
    "throughput" : 5.692329585883023,
    "receivedKBytesPerSec" : 27.297711060907925,
    "sentKBytesPerSec" : 1.1700961470044116
  },
  "Total" : {
    "transaction" : "Total",
    "sampleCount" : 13000,
    "errorCount" : 79,
    "errorPct" : 0.6076923,
    "meanResTime" : 34590.9144615386,
    "medianResTime" : 39783.0,
    "minResTime" : 205.0,
    "maxResTime" : 95857.0,
    "pct1ResTime" : 42455.6,
    "pct2ResTime" : 55019.7,
    "pct3ResTime" : 80573.00999999998,
    "throughput" : 28.81269531682883,
    "receivedKBytesPerSec" : 3098.967534983876,
    "sentKBytesPerSec" : 8.60239250994592
  },
  "PP-LOAD-Form-Indicators" : {
    "transaction" : "PP-LOAD-Form-Indicators",
    "sampleCount" : 1000,
    "errorCount" : 0,
    "errorPct" : 0.0,
    "meanResTime" : 39665.39899999996,
    "medianResTime" : 40013.5,
    "minResTime" : 18579.0,
    "maxResTime" : 40666.0,
    "pct1ResTime" : 40162.0,
    "pct2ResTime" : 40203.0,
    "pct3ResTime" : 40295.98,
    "throughput" : 8.089829466394848,
    "receivedKBytesPerSec" : 193.68558315282903,
    "sentKBytesPerSec" : 2.9704842571918584
  },
  "PP-LOAD-Set-Request-Service" : {
    "transaction" : "PP-LOAD-Set-Request-Service",
    "sampleCount" : 1000,
    "errorCount" : 0,
    "errorPct" : 0.0,
    "meanResTime" : 35256.01100000004,
    "medianResTime" : 39921.0,
    "minResTime" : 15674.0,
    "maxResTime" : 40242.0,
    "pct1ResTime" : 40041.0,
    "pct2ResTime" : 40047.0,
    "pct3ResTime" : 40103.96,
    "throughput" : 5.759970508950994,
    "receivedKBytesPerSec" : 2.7224860608713684,
    "sentKBytesPerSec" : 2.3849877888625213
  }
}