{
  "PP-LOAD-ReportBuilder-Request-Main-Page" : {
    "transaction" : "PP-LOAD-ReportBuilder-Request-Main-Page",
    "sampleCount" : 1000,
    "errorCount" : 0,
    "errorPct" : 0.0,
    "meanResTime" : 40649.45499999992,
    "medianResTime" : 40646.0,
    "minResTime" : 40191.0,
    "maxResTime" : 43596.0,
    "pct1ResTime" : 40745.9,
    "pct2ResTime" : 40826.8,
    "pct3ResTime" : 41709.44,
    "throughput" : 7.753620940979438,
    "receivedKBytesPerSec" : 4945.534704843881,
    "sentKBytesPerSec" : 1.7491078489904783
  },
  "PP-LOAD-Form-Indicators-1" : {
    "transaction" : "PP-LOAD-Form-Indicators-1",
    "sampleCount" : 1003,
    "errorCount" : 0,
    "errorPct" : 0.0,
    "meanResTime" : 39832.39182452643,
    "medianResTime" : 39813.0,
    "minResTime" : 38794.0,
    "maxResTime" : 40178.0,
    "pct1ResTime" : 39926.8,
    "pct2ResTime" : 39969.0,
    "pct3ResTime" : 40044.88,
    "throughput" : 1.1813884789299425,
    "receivedKBytesPerSec" : 27.632976645124682,
    "sentKBytesPerSec" : 0.2434306338420096
  },
  "PP-LOAD-Form-Indicators-0" : {
    "transaction" : "PP-LOAD-Form-Indicators-0",
    "sampleCount" : 1003,
    "errorCount" : 0,
    "errorPct" : 0.0,
    "meanResTime" : 196.913260219342,
    "medianResTime" : 194.0,
    "minResTime" : 183.0,
    "maxResTime" : 742.0,
    "pct1ResTime" : 202.0,
    "pct2ResTime" : 206.0,
    "pct3ResTime" : 277.7600000000002,
    "throughput" : 1.2394391259915203,
    "receivedKBytesPerSec" : 0.5713039721367165,
    "sentKBytesPerSec" : 0.19971431229355555
  },
  "PP-LOAD-Form-Categories" : {
    "transaction" : "PP-LOAD-Form-Categories",
    "sampleCount" : 2000,
    "errorCount" : 29,
    "errorPct" : 1.45,
    "meanResTime" : 26434.048000000064,
    "medianResTime" : 26189.0,
    "minResTime" : 5310.0,
    "maxResTime" : 49203.0,
    "pct1ResTime" : 43070.8,
    "pct2ResTime" : 45214.45,
    "pct3ResTime" : 47834.96,
    "throughput" : 2.535047025122316,
    "receivedKBytesPerSec" : 58.680202778015435,
    "sentKBytesPerSec" : 0.40255630775154
  },
  "PP-LOAD-Set-Request-Initiator" : {
    "transaction" : "PP-LOAD-Set-Request-Initiator",
    "sampleCount" : 1000,
    "errorCount" : 0,
    "errorPct" : 0.0,
    "meanResTime" : 40000.188,
    "medianResTime" : 40007.0,
    "minResTime" : 39685.0,
    "maxResTime" : 40369.0,
    "pct1ResTime" : 40015.0,
    "pct2ResTime" : 40068.8,
    "pct3ResTime" : 40165.92,
    "throughput" : 7.765783955890347,
    "receivedKBytesPerSec" : 3.7539678302399624,
    "sentKBytesPerSec" : 3.473368214646268
  },
  "PP-LOAD-CreateRequest" : {
    "transaction" : "PP-LOAD-CreateRequest",
    "sampleCount" : 1000,
    "errorCount" : 0,
    "errorPct" : 0.0,
    "meanResTime" : 37058.228000000025,
    "medianResTime" : 36917.0,
    "minResTime" : 35411.0,
    "maxResTime" : 40067.0,
    "pct1ResTime" : 38775.799999999996,
    "pct2ResTime" : 39780.15,
    "pct3ResTime" : 39919.97,
    "throughput" : 8.10313672422595,
    "receivedKBytesPerSec" : 3.8379114367671723,
    "sentKBytesPerSec" : 4.3443574820312945
  },
  "PP-LOAD-ReportBuilder-Workflow-Steps" : {
    "transaction" : "PP-LOAD-ReportBuilder-Workflow-Steps",
    "sampleCount" : 1000,
    "errorCount" : 0,
    "errorPct" : 0.0,
    "meanResTime" : 39540.61000000001,
    "medianResTime" : 39509.0,
    "minResTime" : 38793.0,
    "maxResTime" : 40351.0,
    "pct1ResTime" : 39932.6,
    "pct2ResTime" : 40104.7,
    "pct3ResTime" : 40215.91,
    "throughput" : 7.848431098623385,
    "receivedKBytesPerSec" : 333.39995046904187,
    "sentKBytesPerSec" : 1.609541533897374
  },
  "PP-LOAD-Form-All-Form-Metadata" : {
    "transaction" : "PP-LOAD-Form-All-Form-Metadata",
    "sampleCount" : 1000,
    "errorCount" : 0,
    "errorPct" : 0.0,
    "meanResTime" : 43253.2399999999,
    "medianResTime" : 43462.0,
    "minResTime" : 40247.0,
    "maxResTime" : 45772.0,
    "pct1ResTime" : 44519.9,
    "pct2ResTime" : 44843.65,
    "pct3ResTime" : 45232.99,
    "throughput" : 8.062760527949559,
    "receivedKBytesPerSec" : 5142.772702088053,
    "sentKBytesPerSec" : 1.8188453925354964
  },
  "PP-LOAD-Form-All-Forms" : {
    "transaction" : "PP-LOAD-Form-All-Forms",
    "sampleCount" : 1720,
    "errorCount" : 1,
    "errorPct" : 0.058139537,
    "meanResTime" : 38473.52034883723,
    "medianResTime" : 39963.0,
    "minResTime" : 2412.0,
    "maxResTime" : 40175.0,
    "pct1ResTime" : 40009.0,
    "pct2ResTime" : 40056.0,
    "pct3ResTime" : 40103.0,
    "throughput" : 2.091869559770916,
    "receivedKBytesPerSec" : 48.90573159337218,
    "sentKBytesPerSec" : 0.42925916842408035
  },
  "PP-LOAD-Set-Request-Title" : {
    "transaction" : "PP-LOAD-Set-Request-Title",
    "sampleCount" : 1000,
    "errorCount" : 0,
    "errorPct" : 0.0,
    "meanResTime" : 39633.13799999996,
    "medianResTime" : 39997.0,
    "minResTime" : 35516.0,
    "maxResTime" : 40240.0,
    "pct1ResTime" : 40001.0,
    "pct2ResTime" : 40036.0,
    "pct3ResTime" : 40152.97,
    "throughput" : 8.075978808631605,
    "receivedKBytesPerSec" : 4.463871099302236,
    "sentKBytesPerSec" : 4.290363742085541
  },
  "PP-LOAD-ReportBuilder-Dependencies" : {
    "transaction" : "PP-LOAD-ReportBuilder-Dependencies",
    "sampleCount" : 1000,
    "errorCount" : 0,
    "errorPct" : 0.0,
    "meanResTime" : 37737.34499999991,
    "medianResTime" : 37807.0,
    "minResTime" : 33699.0,
    "maxResTime" : 39882.0,
    "pct1ResTime" : 39024.9,
    "pct2ResTime" : 39323.85,
    "pct3ResTime" : 39730.99,
    "throughput" : 8.256342935460168,
    "receivedKBytesPerSec" : 40.09667145534557,
    "sentKBytesPerSec" : 1.7496351728465394
  },
  "Total" : {
    "transaction" : "Total",
    "sampleCount" : 14729,
    "errorCount" : 30,
    "errorPct" : 0.20367981,
    "meanResTime" : 35110.80473895033,
    "medianResTime" : 39926.0,
    "minResTime" : 183.0,
    "maxResTime" : 49203.0,
    "pct1ResTime" : 40704.0,
    "pct2ResTime" : 43374.5,
    "pct3ResTime" : 44954.4,
    "throughput" : 12.418469279696742,
    "receivedKBytesPerSec" : 1230.4219546099637,
    "sentKBytesPerSec" : 3.544517369963981
  },
  "PP-LOAD-Form-Indicators" : {
    "transaction" : "PP-LOAD-Form-Indicators",
    "sampleCount" : 1003,
    "errorCount" : 0,
    "errorPct" : 0.0,
    "meanResTime" : 40029.454636091694,
    "medianResTime" : 40006.0,
    "minResTime" : 39003.0,
    "maxResTime" : 40661.0,
    "pct1ResTime" : 40123.0,
    "pct2ResTime" : 40163.0,
    "pct3ResTime" : 40251.84,
    "throughput" : 1.181097726121925,
    "receivedKBytesPerSec" : 28.170588096215894,
    "sentKBytesPerSec" : 0.43368432131039436
  },
  "PP-LOAD-Set-Request-Service" : {
    "transaction" : "PP-LOAD-Set-Request-Service",
    "sampleCount" : 1000,
    "errorCount" : 0,
    "errorPct" : 0.0,
    "meanResTime" : 39933.3520000001,
    "medianResTime" : 40001.0,
    "minResTime" : 35392.0,
    "maxResTime" : 40201.0,
    "pct1ResTime" : 40005.0,
    "pct2ResTime" : 40025.8,
    "pct3ResTime" : 40160.86,
    "throughput" : 8.05185393936954,
    "receivedKBytesPerSec" : 3.8057590885301344,
    "sentKBytesPerSec" : 3.3339707717702
  }
}