{
  "PP-LOAD-ReportBuilder-Request-Main-Page" : {
    "transaction" : "PP-LOAD-ReportBuilder-Request-Main-Page",
    "sampleCount" : 1000,
    "errorCount" : 0,
    "errorPct" : 0.0,
    "meanResTime" : 40996.545999999944,
    "medianResTime" : 40947.5,
    "minResTime" : 40374.0,
    "maxResTime" : 44227.0,
    "pct1ResTime" : 41152.9,
    "pct2ResTime" : 41198.85,
    "pct3ResTime" : 43579.64,
    "throughput" : 6.462620204735808,
    "receivedKBytesPerSec" : 4124.746386335032,
    "sentKBytesPerSec" : 1.4578762375917693
  },
  "PP-LOAD-Form-Indicators-1" : {
    "transaction" : "PP-LOAD-Form-Indicators-1",
    "sampleCount" : 1000,
    "errorCount" : 0,
    "errorPct" : 0.0,
    "meanResTime" : 39620.64900000001,
    "medianResTime" : 39800.0,
    "minResTime" : 8950.0,
    "maxResTime" : 40735.0,
    "pct1ResTime" : 39865.0,
    "pct2ResTime" : 39964.9,
    "pct3ResTime" : 40027.97,
    "throughput" : 8.192356531356245,
    "receivedKBytesPerSec" : 192.3126254454594,
    "sentKBytesPerSec" : 1.688073464957195
  },
  "PP-LOAD-Form-Indicators-0" : {
    "transaction" : "PP-LOAD-Form-Indicators-0",
    "sampleCount" : 1000,
    "errorCount" : 0,
    "errorPct" : 0.0,
    "meanResTime" : 209.295,
    "medianResTime" : 205.0,
    "minResTime" : 196.0,
    "maxResTime" : 513.0,
    "pct1ResTime" : 217.0,
    "pct2ResTime" : 227.94999999999993,
    "pct3ResTime" : 307.8900000000001,
    "throughput" : 12.146388271447485,
    "receivedKBytesPerSec" : 5.598725843870326,
    "sentKBytesPerSec" : 1.957181703895347
  },
  "PP-LOAD-Form-Categories" : {
    "transaction" : "PP-LOAD-Form-Categories",
    "sampleCount" : 1000,
    "errorCount" : 0,
    "errorPct" : 0.0,
    "meanResTime" : 27111.497000000025,
    "medianResTime" : 27097.5,
    "minResTime" : 4868.0,
    "maxResTime" : 48873.0,
    "pct1ResTime" : 44480.5,
    "pct2ResTime" : 46402.99999999999,
    "pct3ResTime" : 47941.87,
    "throughput" : 20.27698359592027,
    "receivedKBytesPerSec" : 477.13706733986254,
    "sentKBytesPerSec" : 3.2672873958269966
  },
  "PP-LOAD-Set-Request-Initiator" : {
    "transaction" : "PP-LOAD-Set-Request-Initiator",
    "sampleCount" : 1000,
    "errorCount" : 0,
    "errorPct" : 0.0,
    "meanResTime" : 39991.18700000006,
    "medianResTime" : 40000.0,
    "minResTime" : 39802.0,
    "maxResTime" : 40206.0,
    "pct1ResTime" : 40007.0,
    "pct2ResTime" : 40021.95,
    "pct3ResTime" : 40091.9,
    "throughput" : 6.481427469585902,
    "receivedKBytesPerSec" : 3.1457709495939383,
    "sentKBytesPerSec" : 2.8989197080765066
  },
  "PP-LOAD-CreateRequest" : {
    "transaction" : "PP-LOAD-CreateRequest",
    "sampleCount" : 1000,
    "errorCount" : 0,
    "errorPct" : 0.0,
    "meanResTime" : 38919.784999999974,
    "medianResTime" : 39110.5,
    "minResTime" : 37409.0,
    "maxResTime" : 40088.0,
    "pct1ResTime" : 39305.8,
    "pct2ResTime" : 39829.35,
    "pct3ResTime" : 39913.99,
    "throughput" : 6.537827872067784,
    "receivedKBytesPerSec" : 3.1731449730641494,
    "sentKBytesPerSec" : 3.5051440446925914
  },
  "PP-LOAD-ReportBuilder-Workflow-Steps" : {
    "transaction" : "PP-LOAD-ReportBuilder-Workflow-Steps",
    "sampleCount" : 1000,
    "errorCount" : 0,
    "errorPct" : 0.0,
    "meanResTime" : 39075.90900000002,
    "medianResTime" : 38983.5,
    "minResTime" : 38616.0,
    "maxResTime" : 40361.0,
    "pct1ResTime" : 39421.0,
    "pct2ResTime" : 40152.95,
    "pct3ResTime" : 40274.92,
    "throughput" : 6.52507259143258,
    "receivedKBytesPerSec" : 279.3955030015334,
    "sentKBytesPerSec" : 1.3381496525398846
  },
  "PP-LOAD-Form-All-Form-Metadata" : {
    "transaction" : "PP-LOAD-Form-All-Form-Metadata",
    "sampleCount" : 1000,
    "errorCount" : 0,
    "errorPct" : 0.0,
    "meanResTime" : 41055.215,
    "medianResTime" : 40749.5,
    "minResTime" : 40346.0,
    "maxResTime" : 47743.0,
    "pct1ResTime" : 41679.5,
    "pct2ResTime" : 42595.95,
    "pct3ResTime" : 46079.58,
    "throughput" : 6.509060612372423,
    "receivedKBytesPerSec" : 4154.3712079636725,
    "sentKBytesPerSec" : 1.4683525404863569
  },
  "PP-LOAD-Form-All-Forms" : {
    "transaction" : "PP-LOAD-Form-All-Forms",
    "sampleCount" : 1000,
    "errorCount" : 0,
    "errorPct" : 0.0,
    "meanResTime" : 38530.69899999997,
    "medianResTime" : 39999.0,
    "minResTime" : 721.0,
    "maxResTime" : 40197.0,
    "pct1ResTime" : 40009.0,
    "pct2ResTime" : 40014.95,
    "pct3ResTime" : 40062.9,
    "throughput" : 12.070297412128236,
    "receivedKBytesPerSec" : 283.34768567134995,
    "sentKBytesPerSec" : 2.4871413612881423
  },
  "PP-LOAD-Set-Request-Title" : {
    "transaction" : "PP-LOAD-Set-Request-Title",
    "sampleCount" : 1000,
    "errorCount" : 0,
    "errorPct" : 0.0,
    "meanResTime" : 39925.38300000001,
    "medianResTime" : 40000.0,
    "minResTime" : 37436.0,
    "maxResTime" : 40203.0,
    "pct1ResTime" : 40008.0,
    "pct2ResTime" : 40023.0,
    "pct3ResTime" : 40082.99,
    "throughput" : 6.522901908601098,
    "receivedKBytesPerSec" : 3.165900633373775,
    "sentKBytesPerSec" : 3.465291638944333
  },
  "PP-LOAD-ReportBuilder-Dependencies" : {
    "transaction" : "PP-LOAD-ReportBuilder-Dependencies",
    "sampleCount" : 1000,
    "errorCount" : 20,
    "errorPct" : 2.0,
    "meanResTime" : 37809.97299999996,
    "medianResTime" : 38347.0,
    "minResTime" : 21007.0,
    "maxResTime" : 40033.0,
    "pct1ResTime" : 38970.7,
    "pct2ResTime" : 39126.95,
    "pct3ResTime" : 39882.11,
    "throughput" : 6.727030554172777,
    "receivedKBytesPerSec" : 32.39617038559339,
    "sentKBytesPerSec" : 1.397041325830452
  },
  "Total" : {
    "transaction" : "Total",
    "sampleCount" : 13000,
    "errorCount" : 20,
    "errorPct" : 0.15384616,
    "meanResTime" : 35620.478538461444,
    "medianResTime" : 39970.0,
    "minResTime" : 196.0,
    "maxResTime" : 48873.0,
    "pct1ResTime" : 40845.9,
    "pct2ResTime" : 41056.0,
    "pct3ResTime" : 44222.73999999999,
    "throughput" : 29.1900654980162,
    "receivedKBytesPerSec" : 3190.572984583856,
    "sentKBytesPerSec" : 8.74399463520277
  },
  "PP-LOAD-Form-Indicators" : {
    "transaction" : "PP-LOAD-Form-Indicators",
    "sampleCount" : 1000,
    "errorCount" : 0,
    "errorPct" : 0.0,
    "meanResTime" : 39830.32099999999,
    "medianResTime" : 40005.0,
    "minResTime" : 9200.0,
    "maxResTime" : 40974.0,
    "pct1ResTime" : 40074.9,
    "pct2ResTime" : 40180.8,
    "pct3ResTime" : 40240.0,
    "throughput" : 8.175612148959654,
    "receivedKBytesPerSec" : 195.6880033111229,
    "sentKBytesPerSec" : 3.0019825859461227
  },
  "PP-LOAD-Set-Request-Service" : {
    "transaction" : "PP-LOAD-Set-Request-Service",
    "sampleCount" : 1000,
    "errorCount" : 0,
    "errorPct" : 0.0,
    "meanResTime" : 39989.761999999995,
    "medianResTime" : 40002.0,
    "minResTime" : 37937.0,
    "maxResTime" : 40239.0,
    "pct1ResTime" : 40013.0,
    "pct2ResTime" : 40031.95,
    "pct3ResTime" : 40082.0,
    "throughput" : 6.518437400186428,
    "receivedKBytesPerSec" : 3.1637337772389205,
    "sentKBytesPerSec" : 2.6990404860146926
  }
}