{
  "PP-LOAD-ReportBuilder-Request-Main-Page" : {
    "transaction" : "PP-LOAD-ReportBuilder-Request-Main-Page",
    "sampleCount" : 1000,
    "errorCount" : 0,
    "errorPct" : 0.0,
    "meanResTime" : 40785.51400000004,
    "medianResTime" : 40781.0,
    "minResTime" : 40121.0,
    "maxResTime" : 45119.0,
    "pct1ResTime" : 40959.7,
    "pct2ResTime" : 41055.0,
    "pct3ResTime" : 41439.61,
    "throughput" : 8.796080466544108,
    "receivedKBytesPerSec" : 5610.352790858893,
    "sentKBytesPerSec" : 1.98427205837079
  },
  "PP-LOAD-Form-Indicators-1" : {
    "transaction" : "PP-LOAD-Form-Indicators-1",
    "sampleCount" : 1000,
    "errorCount" : 0,
    "errorPct" : 0.0,
    "meanResTime" : 39813.07900000003,
    "medianResTime" : 39804.0,
    "minResTime" : 39662.0,
    "maxResTime" : 40097.0,
    "pct1ResTime" : 39895.0,
    "pct2ResTime" : 39925.0,
    "pct3ResTime" : 40022.91,
    "throughput" : 9.245049276112642,
    "receivedKBytesPerSec" : 216.18782126546236,
    "sentKBytesPerSec" : 1.9049857395114917
  },
  "PP-LOAD-Form-Indicators-0" : {
    "transaction" : "PP-LOAD-Form-Indicators-0",
    "sampleCount" : 1000,
    "errorCount" : 0,
    "errorPct" : 0.0,
    "meanResTime" : 200.61799999999954,
    "medianResTime" : 198.0,
    "minResTime" : 187.0,
    "maxResTime" : 318.0,
    "pct1ResTime" : 207.0,
    "pct2ResTime" : 214.94999999999993,
    "pct3ResTime" : 277.9000000000001,
    "throughput" : 14.623089858887182,
    "receivedKBytesPerSec" : 6.74033048183081,
    "sentKBytesPerSec" : 2.3562595964027198
  },
  "PP-LOAD-Form-Categories" : {
    "transaction" : "PP-LOAD-Form-Categories",
    "sampleCount" : 1000,
    "errorCount" : 0,
    "errorPct" : 0.0,
    "meanResTime" : 25663.85600000001,
    "medianResTime" : 25742.0,
    "minResTime" : 5356.0,
    "maxResTime" : 47501.0,
    "pct1ResTime" : 42442.6,
    "pct2ResTime" : 44685.899999999994,
    "pct3ResTime" : 46266.88,
    "throughput" : 20.848100738022765,
    "receivedKBytesPerSec" : 488.6874622128174,
    "sentKBytesPerSec" : 3.359313107200934
  },
  "PP-LOAD-Set-Request-Initiator" : {
    "transaction" : "PP-LOAD-Set-Request-Initiator",
    "sampleCount" : 1000,
    "errorCount" : 0,
    "errorPct" : 0.0,
    "meanResTime" : 40003.39900000001,
    "medianResTime" : 40001.0,
    "minResTime" : 39800.0,
    "maxResTime" : 40302.0,
    "pct1ResTime" : 40014.0,
    "pct2ResTime" : 40037.0,
    "pct3ResTime" : 40085.98,
    "throughput" : 8.821375958221964,
    "receivedKBytesPerSec" : 4.281468604722964,
    "sentKBytesPerSec" : 3.94549823131412
  },
  "PP-LOAD-CreateRequest" : {
    "transaction" : "PP-LOAD-CreateRequest",
    "sampleCount" : 1000,
    "errorCount" : 0,
    "errorPct" : 0.0,
    "meanResTime" : 36993.147000000004,
    "medianResTime" : 36776.0,
    "minResTime" : 35988.0,
    "maxResTime" : 40035.0,
    "pct1ResTime" : 37580.9,
    "pct2ResTime" : 39365.35,
    "pct3ResTime" : 39870.94,
    "throughput" : 9.102411228734491,
    "receivedKBytesPerSec" : 4.41786951238383,
    "sentKBytesPerSec" : 4.880101332593004
  },
  "PP-LOAD-ReportBuilder-Workflow-Steps" : {
    "transaction" : "PP-LOAD-ReportBuilder-Workflow-Steps",
    "sampleCount" : 1000,
    "errorCount" : 0,
    "errorPct" : 0.0,
    "meanResTime" : 39460.01000000003,
    "medianResTime" : 39407.0,
    "minResTime" : 38900.0,
    "maxResTime" : 40476.0,
    "pct1ResTime" : 39816.9,
    "pct2ResTime" : 39910.9,
    "pct3ResTime" : 40253.0,
    "throughput" : 8.848696144623089,
    "receivedKBytesPerSec" : 375.87882934238706,
    "sentKBytesPerSec" : 1.814674014034032
  },
  "PP-LOAD-Form-All-Form-Metadata" : {
    "transaction" : "PP-LOAD-Form-All-Form-Metadata",
    "sampleCount" : 1000,
    "errorCount" : 0,
    "errorPct" : 0.0,
    "meanResTime" : 43096.939999999966,
    "medianResTime" : 43053.0,
    "minResTime" : 40251.0,
    "maxResTime" : 44758.0,
    "pct1ResTime" : 43798.9,
    "pct2ResTime" : 44042.55,
    "pct3ResTime" : 44374.94,
    "throughput" : 9.052149432882837,
    "receivedKBytesPerSec" : 5773.767788534434,
    "sentKBytesPerSec" : 2.042037616206968
  },
  "PP-LOAD-Form-All-Forms" : {
    "transaction" : "PP-LOAD-Form-All-Forms",
    "sampleCount" : 1000,
    "errorCount" : 0,
    "errorPct" : 0.0,
    "meanResTime" : 39497.520999999986,
    "medianResTime" : 40003.0,
    "minResTime" : 13041.0,
    "maxResTime" : 40288.0,
    "pct1ResTime" : 40096.0,
    "pct2ResTime" : 40132.0,
    "pct3ResTime" : 40202.99,
    "throughput" : 12.310571087392743,
    "receivedKBytesPerSec" : 287.8722216579877,
    "sentKBytesPerSec" : 2.5366508783592474
  },
  "PP-LOAD-Set-Request-Title" : {
    "transaction" : "PP-LOAD-Set-Request-Title",
    "sampleCount" : 1000,
    "errorCount" : 0,
    "errorPct" : 0.0,
    "meanResTime" : 39783.71299999998,
    "medianResTime" : 40000.0,
    "minResTime" : 36036.0,
    "maxResTime" : 40205.0,
    "pct1ResTime" : 40005.0,
    "pct2ResTime" : 40009.0,
    "pct3ResTime" : 40080.99,
    "throughput" : 9.08950434932783,
    "receivedKBytesPerSec" : 4.4116051382968084,
    "sentKBytesPerSec" : 4.828799185580411
  },
  "PP-LOAD-ReportBuilder-Dependencies" : {
    "transaction" : "PP-LOAD-ReportBuilder-Dependencies",
    "sampleCount" : 1000,
    "errorCount" : 0,
    "errorPct" : 0.0,
    "meanResTime" : 39117.11999999999,
    "medianResTime" : 39156.0,
    "minResTime" : 35169.0,
    "maxResTime" : 39904.0,
    "pct1ResTime" : 39804.0,
    "pct2ResTime" : 39809.0,
    "pct3ResTime" : 39825.97,
    "throughput" : 9.25574550402162,
    "receivedKBytesPerSec" : 44.950021866698755,
    "sentKBytesPerSec" : 1.961422631223332
  },
  "Total" : {
    "transaction" : "Total",
    "sampleCount" : 13000,
    "errorCount" : 0,
    "errorPct" : 0.0,
    "meanResTime" : 35725.346769230455,
    "medianResTime" : 39985.0,
    "minResTime" : 187.0,
    "maxResTime" : 47501.0,
    "pct1ResTime" : 40883.9,
    "pct2ResTime" : 42986.0,
    "pct3ResTime" : 43958.979999999996,
    "throughput" : 29.15850789186231,
    "receivedKBytesPerSec" : 3183.7706504968723,
    "sentKBytesPerSec" : 8.744047739206305
  },
  "PP-LOAD-Form-Indicators" : {
    "transaction" : "PP-LOAD-Form-Indicators",
    "sampleCount" : 1000,
    "errorCount" : 0,
    "errorPct" : 0.0,
    "meanResTime" : 40013.85499999994,
    "medianResTime" : 40002.0,
    "minResTime" : 39872.0,
    "maxResTime" : 40299.0,
    "pct1ResTime" : 40094.0,
    "pct2ResTime" : 40124.0,
    "pct3ResTime" : 40230.97,
    "throughput" : 9.227731177735329,
    "receivedKBytesPerSec" : 220.03625921619653,
    "sentKBytesPerSec" : 3.3883075418246915
  },
  "PP-LOAD-Set-Request-Service" : {
    "transaction" : "PP-LOAD-Set-Request-Service",
    "sampleCount" : 1000,
    "errorCount" : 0,
    "errorPct" : 0.0,
    "meanResTime" : 40000.735999999946,
    "medianResTime" : 40001.5,
    "minResTime" : 39801.0,
    "maxResTime" : 40201.0,
    "pct1ResTime" : 40007.0,
    "pct2ResTime" : 40020.9,
    "pct3ResTime" : 40084.96,
    "throughput" : 8.821220327620123,
    "receivedKBytesPerSec" : 4.281393069167189,
    "sentKBytesPerSec" : 3.6525365419052074
  }
}