{
  "PP-LOAD-ReportBuilder-Request-Main-Page" : {
    "transaction" : "PP-LOAD-ReportBuilder-Request-Main-Page",
    "sampleCount" : 1000,
    "errorCount" : 0,
    "errorPct" : 0.0,
    "meanResTime" : 41929.82099999998,
    "medianResTime" : 41868.0,
    "minResTime" : 39612.0,
    "maxResTime" : 45673.0,
    "pct1ResTime" : 43791.4,
    "pct2ResTime" : 44293.799999999996,
    "pct3ResTime" : 45344.87,
    "throughput" : 5.128152531768905,
    "receivedKBytesPerSec" : 3270.8846415677785,
    "sentKBytesPerSec" : 1.156839096522087
  },
  "PP-LOAD-Form-Indicators-1" : {
    "transaction" : "PP-LOAD-Form-Indicators-1",
    "sampleCount" : 1000,
    "errorCount" : 0,
    "errorPct" : 0.0,
    "meanResTime" : 39810.23099999996,
    "medianResTime" : 39802.0,
    "minResTime" : 39298.0,
    "maxResTime" : 40173.0,
    "pct1ResTime" : 39911.9,
    "pct2ResTime" : 39962.95,
    "pct3ResTime" : 40026.98,
    "throughput" : 8.514333881088813,
    "receivedKBytesPerSec" : 199.10137857708452,
    "sentKBytesPerSec" : 1.7544184071384175
  },
  "PP-LOAD-Form-Indicators-0" : {
    "transaction" : "PP-LOAD-Form-Indicators-0",
    "sampleCount" : 1000,
    "errorCount" : 0,
    "errorPct" : 0.0,
    "meanResTime" : 208.1159999999999,
    "medianResTime" : 202.0,
    "minResTime" : 188.0,
    "maxResTime" : 557.0,
    "pct1ResTime" : 219.0,
    "pct2ResTime" : 233.94999999999993,
    "pct3ResTime" : 342.99,
    "throughput" : 12.874486629845634,
    "receivedKBytesPerSec" : 5.934333680944472,
    "sentKBytesPerSec" : 2.0745022401606734
  },
  "PP-LOAD-Form-Categories" : {
    "transaction" : "PP-LOAD-Form-Categories",
    "sampleCount" : 1000,
    "errorCount" : 0,
    "errorPct" : 0.0,
    "meanResTime" : 33197.05199999998,
    "medianResTime" : 33429.0,
    "minResTime" : 11988.0,
    "maxResTime" : 54463.0,
    "pct1ResTime" : 49803.1,
    "pct2ResTime" : 51939.0,
    "pct3ResTime" : 53726.58,
    "throughput" : 18.304625578883783,
    "receivedKBytesPerSec" : 429.0824463216855,
    "sentKBytesPerSec" : 2.9494758012849847
  },
  "PP-LOAD-Set-Request-Initiator" : {
    "transaction" : "PP-LOAD-Set-Request-Initiator",
    "sampleCount" : 1000,
    "errorCount" : 0,
    "errorPct" : 0.0,
    "meanResTime" : 39318.34699999996,
    "medianResTime" : 39833.0,
    "minResTime" : 20648.0,
    "maxResTime" : 40319.0,
    "pct1ResTime" : 40146.6,
    "pct2ResTime" : 40183.85,
    "pct3ResTime" : 40204.99,
    "throughput" : 5.809427539010306,
    "receivedKBytesPerSec" : 2.819614733289182,
    "sentKBytesPerSec" : 2.5983572391276564
  },
  "PP-LOAD-CreateRequest" : {
    "transaction" : "PP-LOAD-CreateRequest",
    "sampleCount" : 1000,
    "errorCount" : 0,
    "errorPct" : 0.0,
    "meanResTime" : 29357.520000000022,
    "medianResTime" : 29602.0,
    "minResTime" : 15948.0,
    "maxResTime" : 40644.0,
    "pct1ResTime" : 38174.299999999996,
    "pct2ResTime" : 39819.65,
    "pct3ResTime" : 40518.93,
    "throughput" : 6.855607201129804,
    "receivedKBytesPerSec" : 3.327379666954602,
    "sentKBytesPerSec" : 3.6755159701369746
  },
  "PP-LOAD-ReportBuilder-Workflow-Steps" : {
    "transaction" : "PP-LOAD-ReportBuilder-Workflow-Steps",
    "sampleCount" : 1000,
    "errorCount" : 1,
    "errorPct" : 0.1,
    "meanResTime" : 34845.72700000002,
    "medianResTime" : 37360.5,
    "minResTime" : 21396.0,
    "maxResTime" : 40288.0,
    "pct1ResTime" : 39960.8,
    "pct2ResTime" : 40061.95,
    "pct3ResTime" : 40225.99,
    "throughput" : 5.592184363134083,
    "receivedKBytesPerSec" : 237.32770611044006,
    "sentKBytesPerSec" : 1.1456878491620113
  },
  "PP-LOAD-Form-All-Form-Metadata" : {
    "transaction" : "PP-LOAD-Form-All-Form-Metadata",
    "sampleCount" : 1000,
    "errorCount" : 0,
    "errorPct" : 0.0,
    "meanResTime" : 63792.18099999996,
    "medianResTime" : 66697.0,
    "minResTime" : 40379.0,
    "maxResTime" : 90871.0,
    "pct1ResTime" : 79524.6,
    "pct2ResTime" : 82110.95,
    "pct3ResTime" : 86607.87,
    "throughput" : 6.839430685789715,
    "receivedKBytesPerSec" : 4362.427536766214,
    "sentKBytesPerSec" : 1.5428793832201406
  },
  "PP-LOAD-Form-All-Forms" : {
    "transaction" : "PP-LOAD-Form-All-Forms",
    "sampleCount" : 1000,
    "errorCount" : 0,
    "errorPct" : 0.0,
    "meanResTime" : 38822.10700000003,
    "medianResTime" : 40001.0,
    "minResTime" : 4007.0,
    "maxResTime" : 40555.0,
    "pct1ResTime" : 40085.9,
    "pct2ResTime" : 40105.0,
    "pct3ResTime" : 40280.77,
    "throughput" : 12.271745533084626,
    "receivedKBytesPerSec" : 286.96537373601024,
    "sentKBytesPerSec" : 2.5286506908992736
  },
  "PP-LOAD-Set-Request-Title" : {
    "transaction" : "PP-LOAD-Set-Request-Title",
    "sampleCount" : 1000,
    "errorCount" : 0,
    "errorPct" : 0.0,
    "meanResTime" : 30950.633999999984,
    "medianResTime" : 39918.0,
    "minResTime" : 14718.0,
    "maxResTime" : 40149.0,
    "pct1ResTime" : 40001.9,
    "pct2ResTime" : 40006.0,
    "pct3ResTime" : 40027.99,
    "throughput" : 6.855513203718431,
    "receivedKBytesPerSec" : 3.327334045164121,
    "sentKBytesPerSec" : 3.6419913894754163
  },
  "PP-LOAD-ReportBuilder-Dependencies" : {
    "transaction" : "PP-LOAD-ReportBuilder-Dependencies",
    "sampleCount" : 1000,
    "errorCount" : 49,
    "errorPct" : 4.9,
    "meanResTime" : 28924.326000000015,
    "medianResTime" : 24850.0,
    "minResTime" : 18212.0,
    "maxResTime" : 40025.0,
    "pct1ResTime" : 39075.5,
    "pct2ResTime" : 39265.95,
    "pct3ResTime" : 39779.96,
    "throughput" : 6.237641672436485,
    "receivedKBytesPerSec" : 29.671925388449132,
    "sentKBytesPerSec" : 1.2570736318512696
  },
  "Total" : {
    "transaction" : "Total",
    "sampleCount" : 13000,
    "errorCount" : 50,
    "errorPct" : 0.3846154,
    "meanResTime" : 35185.991538461465,
    "medianResTime" : 39825.0,
    "minResTime" : 188.0,
    "maxResTime" : 90871.0,
    "pct1ResTime" : 43518.299999999996,
    "pct2ResTime" : 58906.59999999984,
    "pct3ResTime" : 78015.35999999996,
    "throughput" : 28.6438881654471,
    "receivedKBytesPerSec" : 3127.289617526975,
    "sentKBytesPerSec" : 8.566392418651358
  },
  "PP-LOAD-Form-Indicators" : {
    "transaction" : "PP-LOAD-Form-Indicators",
    "sampleCount" : 1000,
    "errorCount" : 0,
    "errorPct" : 0.0,
    "meanResTime" : 40018.50099999998,
    "medianResTime" : 40004.0,
    "minResTime" : 39506.0,
    "maxResTime" : 40373.0,
    "pct1ResTime" : 40113.9,
    "pct2ResTime" : 40168.0,
    "pct3ResTime" : 40233.95,
    "throughput" : 8.499715259538805,
    "receivedKBytesPerSec" : 202.67737046433945,
    "sentKBytesPerSec" : 3.1209891968619052
  },
  "PP-LOAD-Set-Request-Service" : {
    "transaction" : "PP-LOAD-Set-Request-Service",
    "sampleCount" : 1000,
    "errorCount" : 0,
    "errorPct" : 0.0,
    "meanResTime" : 36243.326999999976,
    "medianResTime" : 39975.0,
    "minResTime" : 14745.0,
    "maxResTime" : 40805.0,
    "pct1ResTime" : 40045.0,
    "pct2ResTime" : 40056.0,
    "pct3ResTime" : 40107.98,
    "throughput" : 6.7330545848735195,
    "receivedKBytesPerSec" : 3.2678985631661517,
    "sentKBytesPerSec" : 2.787905414049192
  }
}