{
  "PP-LOAD-ReportBuilder-Request-Main-Page" : {
    "transaction" : "PP-LOAD-ReportBuilder-Request-Main-Page",
    "sampleCount" : 1500,
    "errorCount" : 0,
    "errorPct" : 0.0,
    "meanResTime" : 62743.46666666668,
    "medianResTime" : 62614.5,
    "minResTime" : 58982.0,
    "maxResTime" : 66922.0,
    "pct1ResTime" : 64722.0,
    "pct2ResTime" : 65321.75,
    "pct3ResTime" : 66062.79,
    "throughput" : 6.09758576254375,
    "receivedKBytesPerSec" : 3772.965290414036,
    "sentKBytesPerSec" : 1.3755296007300843
  },
  "PP-LOAD-Form-Indicators-1" : {
    "transaction" : "PP-LOAD-Form-Indicators-1",
    "sampleCount" : 1500,
    "errorCount" : 0,
    "errorPct" : 0.0,
    "meanResTime" : 59808.273999999954,
    "medianResTime" : 59798.0,
    "minResTime" : 59617.0,
    "maxResTime" : 60288.0,
    "pct1ResTime" : 59889.0,
    "pct2ResTime" : 59920.95,
    "pct3ResTime" : 60027.97,
    "throughput" : 10.720335046204644,
    "receivedKBytesPerSec" : 248.40015749958906,
    "sentKBytesPerSec" : 2.208975287840996
  },
  "PP-LOAD-Form-Indicators-0" : {
    "transaction" : "PP-LOAD-Form-Indicators-0",
    "sampleCount" : 1500,
    "errorCount" : 0,
    "errorPct" : 0.0,
    "meanResTime" : 204.5840000000001,
    "medianResTime" : 203.0,
    "minResTime" : 184.0,
    "maxResTime" : 314.0,
    "pct1ResTime" : 214.0,
    "pct2ResTime" : 220.0,
    "pct3ResTime" : 261.98,
    "throughput" : 18.753281824319256,
    "receivedKBytesPerSec" : 8.644090840897157,
    "sentKBytesPerSec" : 3.0217690439576925
  },
  "PP-LOAD-Form-Categories" : {
    "transaction" : "PP-LOAD-Form-Categories",
    "sampleCount" : 1500,
    "errorCount" : 0,
    "errorPct" : 0.0,
    "meanResTime" : 39259.16533333331,
    "medianResTime" : 38621.5,
    "minResTime" : 9818.0,
    "maxResTime" : 72449.0,
    "pct1ResTime" : 64972.40000000001,
    "pct2ResTime" : 68375.15000000001,
    "pct3ResTime" : 70762.95,
    "throughput" : 20.667989417989418,
    "receivedKBytesPerSec" : 480.06852299658294,
    "sentKBytesPerSec" : 3.3302912636408735
  },
  "PP-LOAD-Set-Request-Initiator" : {
    "transaction" : "PP-LOAD-Set-Request-Initiator",
    "sampleCount" : 1500,
    "errorCount" : 0,
    "errorPct" : 0.0,
    "meanResTime" : 59449.18999999993,
    "medianResTime" : 59792.0,
    "minResTime" : 58070.0,
    "maxResTime" : 60298.0,
    "pct1ResTime" : 60050.9,
    "pct2ResTime" : 60081.0,
    "pct3ResTime" : 60122.98,
    "throughput" : 6.080136195050769,
    "receivedKBytesPerSec" : 2.9391283364747367,
    "sentKBytesPerSec" : 2.719435915364504
  },
  "PP-LOAD-CreateRequest" : {
    "transaction" : "PP-LOAD-CreateRequest",
    "sampleCount" : 1500,
    "errorCount" : 0,
    "errorPct" : 0.0,
    "meanResTime" : 42739.013999999974,
    "medianResTime" : 42557.5,
    "minResTime" : 24600.0,
    "maxResTime" : 60923.0,
    "pct1ResTime" : 57507.5,
    "pct2ResTime" : 59362.35,
    "pct3ResTime" : 60606.88,
    "throughput" : 7.944284087598972,
    "receivedKBytesPerSec" : 3.754915525779202,
    "sentKBytesPerSec" : 4.259191371183434
  },
  "PP-LOAD-ReportBuilder-Workflow-Steps" : {
    "transaction" : "PP-LOAD-ReportBuilder-Workflow-Steps",
    "sampleCount" : 1500,
    "errorCount" : 0,
    "errorPct" : 0.0,
    "meanResTime" : 53804.92199999996,
    "medianResTime" : 57642.5,
    "minResTime" : 39591.0,
    "maxResTime" : 61390.0,
    "pct1ResTime" : 59655.9,
    "pct2ResTime" : 60121.9,
    "pct3ResTime" : 60353.0,
    "throughput" : 6.73624458855018,
    "receivedKBytesPerSec" : 286.1518152003921,
    "sentKBytesPerSec" : 1.3814564097612676
  },
  "PP-LOAD-Form-All-Form-Metadata" : {
    "transaction" : "PP-LOAD-Form-All-Form-Metadata",
    "sampleCount" : 1500,
    "errorCount" : 1,
    "errorPct" : 0.06666667,
    "meanResTime" : 96449.80999999988,
    "medianResTime" : 98758.0,
    "minResTime" : 61696.0,
    "maxResTime" : 146835.0,
    "pct1ResTime" : 123177.0,
    "pct2ResTime" : 127705.40000000001,
    "pct3ResTime" : 137699.56,
    "throughput" : 7.872032243844071,
    "receivedKBytesPerSec" : 4867.713214403326,
    "sentKBytesPerSec" : 1.7746358939086215
  },
  "PP-LOAD-Form-All-Forms" : {
    "transaction" : "PP-LOAD-Form-All-Forms",
    "sampleCount" : 1500,
    "errorCount" : 0,
    "errorPct" : 0.0,
    "meanResTime" : 59197.163333333316,
    "medianResTime" : 60002.0,
    "minResTime" : 40085.0,
    "maxResTime" : 61160.0,
    "pct1ResTime" : 60092.9,
    "pct2ResTime" : 60104.0,
    "pct3ResTime" : 60131.99,
    "throughput" : 12.508756129290504,
    "receivedKBytesPerSec" : 289.83960647453216,
    "sentKBytesPerSec" : 2.577487835234664
  },
  "PP-LOAD-Set-Request-Title" : {
    "transaction" : "PP-LOAD-Set-Request-Title",
    "sampleCount" : 1500,
    "errorCount" : 0,
    "errorPct" : 0.0,
    "meanResTime" : 45942.73066666662,
    "medianResTime" : 59881.0,
    "minResTime" : 22693.0,
    "maxResTime" : 60099.0,
    "pct1ResTime" : 59999.0,
    "pct2ResTime" : 60000.0,
    "pct3ResTime" : 60017.99,
    "throughput" : 7.918325115871491,
    "receivedKBytesPerSec" : 4.376730483968031,
    "sentKBytesPerSec" : 4.2066102178067295
  },
  "PP-LOAD-ReportBuilder-Dependencies" : {
    "transaction" : "PP-LOAD-ReportBuilder-Dependencies",
    "sampleCount" : 1500,
    "errorCount" : 0,
    "errorPct" : 0.0,
    "meanResTime" : 45072.12733333334,
    "medianResTime" : 39565.5,
    "minResTime" : 29085.0,
    "maxResTime" : 60015.0,
    "pct1ResTime" : 59659.9,
    "pct2ResTime" : 59784.95,
    "pct3ResTime" : 59912.92,
    "throughput" : 7.806766905553734,
    "receivedKBytesPerSec" : 37.91313654425657,
    "sentKBytesPerSec" : 1.6543636899464456
  },
  "Total" : {
    "transaction" : "Total",
    "sampleCount" : 19500,
    "errorCount" : 1,
    "errorPct" : 0.0051282053,
    "meanResTime" : 52267.33112820502,
    "medianResTime" : 59799.0,
    "minResTime" : 184.0,
    "maxResTime" : 146835.0,
    "pct1ResTime" : 63849.9,
    "pct2ResTime" : 88992.60000000002,
    "pct3ResTime" : 120198.77000000003,
    "throughput" : 29.119906816298187,
    "receivedKBytesPerSec" : 3091.411348317019,
    "sentKBytesPerSec" : 8.732135182167417
  },
  "PP-LOAD-Form-Indicators" : {
    "transaction" : "PP-LOAD-Form-Indicators",
    "sampleCount" : 1500,
    "errorCount" : 0,
    "errorPct" : 0.0,
    "meanResTime" : 60012.96333333332,
    "medianResTime" : 60002.0,
    "minResTime" : 59841.0,
    "maxResTime" : 60480.0,
    "pct1ResTime" : 60094.0,
    "pct2ResTime" : 60124.95,
    "pct3ResTime" : 60238.99,
    "throughput" : 10.702360227175433,
    "receivedKBytesPerSec" : 252.9167833521219,
    "sentKBytesPerSec" : 3.929772895915979
  },
  "PP-LOAD-Set-Request-Service" : {
    "transaction" : "PP-LOAD-Set-Request-Service",
    "sampleCount" : 1500,
    "errorCount" : 0,
    "errorPct" : 0.0,
    "meanResTime" : 54791.89400000003,
    "medianResTime" : 60048.5,
    "minResTime" : 27368.0,
    "maxResTime" : 60479.0,
    "pct1ResTime" : 60110.9,
    "pct2ResTime" : 60165.0,
    "pct3ResTime" : 60206.99,
    "throughput" : 6.9357747260368985,
    "receivedKBytesPerSec" : 3.2782372728533775,
    "sentKBytesPerSec" : 2.871844222499653
  }
}