{
  "PP-LOAD-ReportBuilder-Request-Main-Page" : {
    "transaction" : "PP-LOAD-ReportBuilder-Request-Main-Page",
    "sampleCount" : 1500,
    "errorCount" : 20,
    "errorPct" : 1.3333334,
    "meanResTime" : 59496.209333333325,
    "medianResTime" : 60397.0,
    "minResTime" : 21115.0,
    "maxResTime" : 63386.0,
    "pct1ResTime" : 62178.8,
    "pct2ResTime" : 62643.75,
    "pct3ResTime" : 63114.99,
    "throughput" : 5.246497962609958,
    "receivedKBytesPerSec" : 3203.235746877241,
    "sentKBytesPerSec" : 1.1677556793340447
  },
  "PP-LOAD-Form-Indicators-1" : {
    "transaction" : "PP-LOAD-Form-Indicators-1",
    "sampleCount" : 1500,
    "errorCount" : 0,
    "errorPct" : 0.0,
    "meanResTime" : 59629.12533333339,
    "medianResTime" : 59801.0,
    "minResTime" : 5143.0,
    "maxResTime" : 60762.0,
    "pct1ResTime" : 59921.9,
    "pct2ResTime" : 59968.0,
    "pct3ResTime" : 60081.98,
    "throughput" : 8.098652384243263,
    "receivedKBytesPerSec" : 187.64936108381565,
    "sentKBytesPerSec" : 1.668765286206375
  },
  "PP-LOAD-Form-Indicators-0" : {
    "transaction" : "PP-LOAD-Form-Indicators-0",
    "sampleCount" : 1500,
    "errorCount" : 0,
    "errorPct" : 0.0,
    "meanResTime" : 207.5040000000002,
    "medianResTime" : 204.0,
    "minResTime" : 185.0,
    "maxResTime" : 551.0,
    "pct1ResTime" : 218.0,
    "pct2ResTime" : 230.0,
    "pct3ResTime" : 295.9100000000001,
    "throughput" : 11.971555583932576,
    "receivedKBytesPerSec" : 5.518138901968922,
    "sentKBytesPerSec" : 1.929010421239136
  },
  "PP-LOAD-Form-Categories" : {
    "transaction" : "PP-LOAD-Form-Categories",
    "sampleCount" : 1500,
    "errorCount" : 0,
    "errorPct" : 0.0,
    "meanResTime" : 42853.3606666667,
    "medianResTime" : 43255.0,
    "minResTime" : 9796.0,
    "maxResTime" : 76820.0,
    "pct1ResTime" : 69103.7,
    "pct2ResTime" : 72500.0,
    "pct3ResTime" : 75263.76,
    "throughput" : 19.47470236163224,
    "receivedKBytesPerSec" : 452.33100015579765,
    "sentKBytesPerSec" : 3.138013564130195
  },
  "PP-LOAD-Set-Request-Initiator" : {
    "transaction" : "PP-LOAD-Set-Request-Initiator",
    "sampleCount" : 1500,
    "errorCount" : 112,
    "errorPct" : 7.4666667,
    "meanResTime" : 54650.60266666668,
    "medianResTime" : 59475.5,
    "minResTime" : 21109.0,
    "maxResTime" : 60226.0,
    "pct1ResTime" : 59886.9,
    "pct2ResTime" : 59934.9,
    "pct3ResTime" : 60003.99,
    "throughput" : 5.840689357095854,
    "receivedKBytesPerSec" : 3.8552048086395474,
    "sentKBytesPerSec" : 2.417284887410978
  },
  "PP-LOAD-CreateRequest" : {
    "transaction" : "PP-LOAD-CreateRequest",
    "sampleCount" : 1500,
    "errorCount" : 174,
    "errorPct" : 11.6,
    "meanResTime" : 43580.31266666667,
    "medianResTime" : 45075.0,
    "minResTime" : 21143.0,
    "maxResTime" : 61302.0,
    "pct1ResTime" : 59676.3,
    "pct2ResTime" : 60494.6,
    "pct3ResTime" : 60798.94,
    "throughput" : 5.6760346465154825,
    "receivedKBytesPerSec" : 4.295472250812619,
    "sentKBytesPerSec" : 2.690107842293269
  },
  "PP-LOAD-ReportBuilder-Workflow-Steps" : {
    "transaction" : "PP-LOAD-ReportBuilder-Workflow-Steps",
    "sampleCount" : 1500,
    "errorCount" : 19,
    "errorPct" : 1.2666667,
    "meanResTime" : 54381.35133333328,
    "medianResTime" : 57999.0,
    "minResTime" : 21236.0,
    "maxResTime" : 60303.0,
    "pct1ResTime" : 59885.5,
    "pct2ResTime" : 60001.0,
    "pct3ResTime" : 60130.94,
    "throughput" : 5.045001412600395,
    "receivedKBytesPerSec" : 211.77498994152842,
    "sentKBytesPerSec" : 1.0215142508677402
  },
  "PP-LOAD-Form-All-Form-Metadata" : {
    "transaction" : "PP-LOAD-Form-All-Form-Metadata",
    "sampleCount" : 1500,
    "errorCount" : 0,
    "errorPct" : 0.0,
    "meanResTime" : 85227.63266666654,
    "medianResTime" : 86999.0,
    "minResTime" : 60245.0,
    "maxResTime" : 128709.0,
    "pct1ResTime" : 107383.5,
    "pct2ResTime" : 111810.05,
    "pct3ResTime" : 120546.27,
    "throughput" : 5.471776576418831,
    "receivedKBytesPerSec" : 3385.7423869918543,
    "sentKBytesPerSec" : 1.2343558487819826
  },
  "PP-LOAD-Form-All-Forms" : {
    "transaction" : "PP-LOAD-Form-All-Forms",
    "sampleCount" : 1500,
    "errorCount" : 0,
    "errorPct" : 0.0,
    "meanResTime" : 56321.82866666671,
    "medianResTime" : 59994.0,
    "minResTime" : 184.0,
    "maxResTime" : 60970.0,
    "pct1ResTime" : 60058.0,
    "pct2ResTime" : 60097.95,
    "pct3ResTime" : 60124.0,
    "throughput" : 11.972988936958222,
    "receivedKBytesPerSec" : 277.4163986047477,
    "sentKBytesPerSec" : 2.467090493845884
  },
  "PP-LOAD-Set-Request-Title" : {
    "transaction" : "PP-LOAD-Set-Request-Title",
    "sampleCount" : 1500,
    "errorCount" : 71,
    "errorPct" : 4.733333,
    "meanResTime" : 43213.51066666667,
    "medianResTime" : 47550.5,
    "minResTime" : 21131.0,
    "maxResTime" : 60951.0,
    "pct1ResTime" : 52084.0,
    "pct2ResTime" : 53399.15,
    "pct3ResTime" : 57560.42,
    "throughput" : 5.81010260641203,
    "receivedKBytesPerSec" : 3.4634263724430707,
    "sentKBytesPerSec" : 2.9405171378659882
  },
  "PP-LOAD-ReportBuilder-Dependencies" : {
    "transaction" : "PP-LOAD-ReportBuilder-Dependencies",
    "sampleCount" : 1500,
    "errorCount" : 8,
    "errorPct" : 0.53333336,
    "meanResTime" : 44827.22733333336,
    "medianResTime" : 46632.0,
    "minResTime" : 21121.0,
    "maxResTime" : 60060.0,
    "pct1ResTime" : 58898.8,
    "pct2ResTime" : 59340.7,
    "pct3ResTime" : 59780.96,
    "throughput" : 4.981121549328046,
    "receivedKBytesPerSec" : 24.13658224910921,
    "sentKBytesPerSec" : 1.0499399982400037
  },
  "Total" : {
    "transaction" : "Total",
    "sampleCount" : 19500,
    "errorCount" : 708,
    "errorPct" : 3.6307693,
    "meanResTime" : 50090.952923077035,
    "medianResTime" : 58955.5,
    "minResTime" : 184.0,
    "maxResTime" : 128709.0,
    "pct1ResTime" : 61945.40000000001,
    "pct2ResTime" : 75567.55000000005,
    "pct3ResTime" : 105241.96,
    "throughput" : 30.389831406566074,
    "receivedKBytesPerSec" : 3209.089027242438,
    "sentKBytesPerSec" : 8.619145476902169
  },
  "PP-LOAD-Form-Indicators" : {
    "transaction" : "PP-LOAD-Form-Indicators",
    "sampleCount" : 1500,
    "errorCount" : 0,
    "errorPct" : 0.0,
    "meanResTime" : 59836.78133333329,
    "medianResTime" : 60004.0,
    "minResTime" : 5402.0,
    "maxResTime" : 60970.0,
    "pct1ResTime" : 60125.0,
    "pct2ResTime" : 60172.0,
    "pct3ResTime" : 60288.0,
    "throughput" : 8.087343307723414,
    "receivedKBytesPerSec" : 191.1150845801321,
    "sentKBytesPerSec" : 2.9695713708046907
  },
  "PP-LOAD-Set-Request-Service" : {
    "transaction" : "PP-LOAD-Set-Request-Service",
    "sampleCount" : 1500,
    "errorCount" : 304,
    "errorPct" : 20.266666,
    "meanResTime" : 46956.94133333337,
    "medianResTime" : 51010.0,
    "minResTime" : 21050.0,
    "maxResTime" : 60855.0,
    "pct1ResTime" : 60094.0,
    "pct2ResTime" : 60146.9,
    "pct3ResTime" : 60206.98,
    "throughput" : 5.809045070444353,
    "receivedKBytesPerSec" : 5.574126682686722,
    "sentKBytesPerSec" : 1.9178320256527428
  }
}