{
  "PP-LOAD-ReportBuilder-Request-Main-Page" : {
    "transaction" : "PP-LOAD-ReportBuilder-Request-Main-Page",
    "sampleCount" : 1000,
    "errorCount" : 1,
    "errorPct" : 0.1,
    "meanResTime" : 42643.20199999998,
    "medianResTime" : 42621.0,
    "minResTime" : 33512.0,
    "maxResTime" : 50891.0,
    "pct1ResTime" : 44594.6,
    "pct2ResTime" : 46209.049999999996,
    "pct3ResTime" : 48428.950000000004,
    "throughput" : 5.070813916341712,
    "receivedKBytesPerSec" : 3231.093336609819,
    "sentKBytesPerSec" : 1.1439043112059917
  },
  "PP-LOAD-Form-Indicators-1" : {
    "transaction" : "PP-LOAD-Form-Indicators-1",
    "sampleCount" : 1000,
    "errorCount" : 0,
    "errorPct" : 0.0,
    "meanResTime" : 39800.15500000004,
    "medianResTime" : 39792.0,
    "minResTime" : 39568.0,
    "maxResTime" : 40680.0,
    "pct1ResTime" : 39891.0,
    "pct2ResTime" : 39911.0,
    "pct3ResTime" : 39993.99,
    "throughput" : 11.150633913537986,
    "receivedKBytesPerSec" : 260.74259040376444,
    "sentKBytesPerSec" : 2.2976403864809716
  },
  "PP-LOAD-Form-Indicators-0" : {
    "transaction" : "PP-LOAD-Form-Indicators-0",
    "sampleCount" : 1000,
    "errorCount" : 0,
    "errorPct" : 0.0,
    "meanResTime" : 215.94499999999974,
    "medianResTime" : 209.0,
    "minResTime" : 201.0,
    "maxResTime" : 1264.0,
    "pct1ResTime" : 227.89999999999998,
    "pct2ResTime" : 248.0,
    "pct3ResTime" : 306.9100000000001,
    "throughput" : 20.004801152276546,
    "receivedKBytesPerSec" : 9.220963031127472,
    "sentKBytesPerSec" : 3.2234298731695605
  },
  "PP-LOAD-Form-Categories" : {
    "transaction" : "PP-LOAD-Form-Categories",
    "sampleCount" : 1000,
    "errorCount" : 0,
    "errorPct" : 0.0,
    "meanResTime" : 32576.76599999999,
    "medianResTime" : 32384.5,
    "minResTime" : 13401.0,
    "maxResTime" : 54381.0,
    "pct1ResTime" : 48959.4,
    "pct2ResTime" : 51955.35,
    "pct3ResTime" : 53652.65,
    "throughput" : 18.37323387289397,
    "receivedKBytesPerSec" : 430.67175988020654,
    "sentKBytesPerSec" : 2.9605308486596726
  },
  "PP-LOAD-Set-Request-Initiator" : {
    "transaction" : "PP-LOAD-Set-Request-Initiator",
    "sampleCount" : 1000,
    "errorCount" : 0,
    "errorPct" : 0.0,
    "meanResTime" : 37552.20599999995,
    "medianResTime" : 39807.0,
    "minResTime" : 19269.0,
    "maxResTime" : 40282.0,
    "pct1ResTime" : 40003.0,
    "pct2ResTime" : 40012.0,
    "pct3ResTime" : 40200.95,
    "throughput" : 5.77634011090573,
    "receivedKBytesPerSec" : 2.8035556983595193,
    "sentKBytesPerSec" : 2.5835583699168208
  },
  "PP-LOAD-CreateRequest" : {
    "transaction" : "PP-LOAD-CreateRequest",
    "sampleCount" : 1000,
    "errorCount" : 0,
    "errorPct" : 0.0,
    "meanResTime" : 27374.29300000001,
    "medianResTime" : 28370.0,
    "minResTime" : 11747.0,
    "maxResTime" : 40614.0,
    "pct1ResTime" : 37915.7,
    "pct2ResTime" : 39462.45,
    "pct3ResTime" : 39960.96,
    "throughput" : 8.070178270237989,
    "receivedKBytesPerSec" : 3.9168736331135556,
    "sentKBytesPerSec" : 4.3266873733990785
  },
  "PP-LOAD-ReportBuilder-Workflow-Steps" : {
    "transaction" : "PP-LOAD-ReportBuilder-Workflow-Steps",
    "sampleCount" : 1000,
    "errorCount" : 0,
    "errorPct" : 0.0,
    "meanResTime" : 30306.877000000062,
    "medianResTime" : 29567.5,
    "minResTime" : 18303.0,
    "maxResTime" : 40515.0,
    "pct1ResTime" : 39764.9,
    "pct2ResTime" : 39897.75,
    "pct3ResTime" : 40244.94,
    "throughput" : 5.641717113020519,
    "receivedKBytesPerSec" : 239.65457837684977,
    "sentKBytesPerSec" : 1.156992767318661
  },
  "PP-LOAD-Form-All-Form-Metadata" : {
    "transaction" : "PP-LOAD-Form-All-Form-Metadata",
    "sampleCount" : 1000,
    "errorCount" : 0,
    "errorPct" : 0.0,
    "meanResTime" : 72402.97600000004,
    "medianResTime" : 76765.0,
    "minResTime" : 41755.0,
    "maxResTime" : 106395.0,
    "pct1ResTime" : 90631.2,
    "pct2ResTime" : 92928.75,
    "pct3ResTime" : 97762.09000000001,
    "throughput" : 7.898083135223081,
    "receivedKBytesPerSec" : 5037.692653067319,
    "sentKBytesPerSec" : 1.7816964885122382
  },
  "PP-LOAD-Form-All-Forms" : {
    "transaction" : "PP-LOAD-Form-All-Forms",
    "sampleCount" : 1000,
    "errorCount" : 0,
    "errorPct" : 0.0,
    "meanResTime" : 39813.39199999999,
    "medianResTime" : 40000.0,
    "minResTime" : 30723.0,
    "maxResTime" : 40804.0,
    "pct1ResTime" : 40046.0,
    "pct2ResTime" : 40097.0,
    "pct3ResTime" : 40116.98,
    "throughput" : 12.400178562571302,
    "receivedKBytesPerSec" : 289.96742240588264,
    "sentKBytesPerSec" : 2.5551149186548283
  },
  "PP-LOAD-Set-Request-Title" : {
    "transaction" : "PP-LOAD-Set-Request-Title",
    "sampleCount" : 1000,
    "errorCount" : 0,
    "errorPct" : 0.0,
    "meanResTime" : 29523.44699999999,
    "medianResTime" : 39933.0,
    "minResTime" : 11449.0,
    "maxResTime" : 40112.0,
    "pct1ResTime" : 40004.0,
    "pct2ResTime" : 40007.0,
    "pct3ResTime" : 40039.95,
    "throughput" : 8.064581165977145,
    "receivedKBytesPerSec" : 3.9141570698150794,
    "sentKBytesPerSec" : 4.284308744425358
  },
  "PP-LOAD-ReportBuilder-Dependencies" : {
    "transaction" : "PP-LOAD-ReportBuilder-Dependencies",
    "sampleCount" : 1000,
    "errorCount" : 18,
    "errorPct" : 1.8,
    "meanResTime" : 27395.465999999993,
    "medianResTime" : 22877.0,
    "minResTime" : 14404.0,
    "maxResTime" : 40498.0,
    "pct1ResTime" : 39806.0,
    "pct2ResTime" : 39909.8,
    "pct3ResTime" : 40122.99,
    "throughput" : 6.3457413729646035,
    "receivedKBytesPerSec" : 30.585729776122243,
    "sentKBytesPerSec" : 1.3205463009087102
  },
  "Total" : {
    "transaction" : "Total",
    "sampleCount" : 13000,
    "errorCount" : 19,
    "errorPct" : 0.14615385,
    "meanResTime" : 34782.87800000001,
    "medianResTime" : 39779.0,
    "minResTime" : 201.0,
    "maxResTime" : 106395.0,
    "pct1ResTime" : 43781.1,
    "pct2ResTime" : 70470.49999999999,
    "pct3ResTime" : 89466.52999999998,
    "throughput" : 28.434132332451878,
    "receivedKBytesPerSec" : 3103.22552080941,
    "sentKBytesPerSec" : 8.51847900768159
  },
  "PP-LOAD-Form-Indicators" : {
    "transaction" : "PP-LOAD-Form-Indicators",
    "sampleCount" : 1000,
    "errorCount" : 0,
    "errorPct" : 0.0,
    "meanResTime" : 40016.24500000002,
    "medianResTime" : 40001.0,
    "minResTime" : 39798.0,
    "maxResTime" : 41036.0,
    "pct1ResTime" : 40103.0,
    "pct2ResTime" : 40129.9,
    "pct3ResTime" : 40229.86,
    "throughput" : 11.122975618437444,
    "receivedKBytesPerSec" : 265.22283491279586,
    "sentKBytesPerSec" : 4.084217609894999
  },
  "PP-LOAD-Set-Request-Service" : {
    "transaction" : "PP-LOAD-Set-Request-Service",
    "sampleCount" : 1000,
    "errorCount" : 0,
    "errorPct" : 0.0,
    "meanResTime" : 32556.443999999992,
    "medianResTime" : 39441.0,
    "minResTime" : 14054.0,
    "maxResTime" : 40211.0,
    "pct1ResTime" : 39969.8,
    "pct2ResTime" : 40002.0,
    "pct3ResTime" : 40019.97,
    "throughput" : 6.7702515148437765,
    "receivedKBytesPerSec" : 3.2859521512474186,
    "sentKBytesPerSec" : 2.803307267865001
  }
}