{
  "PP-LOAD-ReportBuilder-Request-Main-Page" : {
    "transaction" : "PP-LOAD-ReportBuilder-Request-Main-Page",
    "sampleCount" : 1998,
    "errorCount" : 441,
    "errorPct" : 22.072073,
    "meanResTime" : 62692.504504504526,
    "medianResTime" : 74382.5,
    "minResTime" : 1453.0,
    "maxResTime" : 83435.0,
    "pct1ResTime" : 81976.1,
    "pct2ResTime" : 82438.5,
    "pct3ResTime" : 82798.14,
    "throughput" : 2.256974253775179,
    "receivedKBytesPerSec" : 1089.6947751730856,
    "sentKBytesPerSec" : 0.3967635403629007
  },
  "PP-LOAD-Form-Indicators-1" : {
    "transaction" : "PP-LOAD-Form-Indicators-1",
    "sampleCount" : 2000,
    "errorCount" : 0,
    "errorPct" : 0.0,
    "meanResTime" : 79803.35950000015,
    "medianResTime" : 79796.0,
    "minResTime" : 79552.0,
    "maxResTime" : 81059.0,
    "pct1ResTime" : 79874.0,
    "pct2ResTime" : 79926.9,
    "pct3ResTime" : 80065.99,
    "throughput" : 8.898063781321184,
    "receivedKBytesPerSec" : 206.16824208739678,
    "sentKBytesPerSec" : 1.833487751815205
  },
  "PP-LOAD-Form-Indicators-0" : {
    "transaction" : "PP-LOAD-Form-Indicators-0",
    "sampleCount" : 2000,
    "errorCount" : 0,
    "errorPct" : 0.0,
    "meanResTime" : 204.8480000000001,
    "medianResTime" : 203.0,
    "minResTime" : 186.0,
    "maxResTime" : 568.0,
    "pct1ResTime" : 212.0,
    "pct2ResTime" : 217.0,
    "pct3ResTime" : 282.99,
    "throughput" : 13.794340182223234,
    "receivedKBytesPerSec" : 6.358328677743522,
    "sentKBytesPerSec" : 2.222720830143392
  },
  "PP-LOAD-Form-Categories" : {
    "transaction" : "PP-LOAD-Form-Categories",
    "sampleCount" : 2000,
    "errorCount" : 0,
    "errorPct" : 0.0,
    "meanResTime" : 50870.17999999997,
    "medianResTime" : 51645.0,
    "minResTime" : 9285.0,
    "maxResTime" : 95533.0,
    "pct1ResTime" : 83833.90000000001,
    "pct2ResTime" : 90197.55,
    "pct3ResTime" : 93882.39,
    "throughput" : 20.83876009377442,
    "receivedKBytesPerSec" : 484.0182990362074,
    "sentKBytesPerSec" : 3.357808022922636
  },
  "PP-LOAD-Set-Request-Initiator" : {
    "transaction" : "PP-LOAD-Set-Request-Initiator",
    "sampleCount" : 1998,
    "errorCount" : 6,
    "errorPct" : 0.3003003,
    "meanResTime" : 74547.20820820819,
    "medianResTime" : 79045.0,
    "minResTime" : 289.0,
    "maxResTime" : 80299.0,
    "pct1ResTime" : 79613.0,
    "pct2ResTime" : 79684.05,
    "pct3ResTime" : 79813.02,
    "throughput" : 2.183902517936857,
    "receivedKBytesPerSec" : 1.0710531912248218,
    "sentKBytesPerSec" : 0.973851237763369
  },
  "PP-LOAD-CreateRequest" : {
    "transaction" : "PP-LOAD-CreateRequest",
    "sampleCount" : 1998,
    "errorCount" : 0,
    "errorPct" : 0.0,
    "meanResTime" : 56857.19019019016,
    "medianResTime" : 59202.5,
    "minResTime" : 25100.0,
    "maxResTime" : 86514.0,
    "pct1ResTime" : 77890.5,
    "pct2ResTime" : 79737.1,
    "pct3ResTime" : 80546.27,
    "throughput" : 5.309692181358675,
    "receivedKBytesPerSec" : 2.5140528997682656,
    "sentKBytesPerSec" : 2.846700202701087
  },
  "PP-LOAD-ReportBuilder-Workflow-Steps" : {
    "transaction" : "PP-LOAD-ReportBuilder-Workflow-Steps",
    "sampleCount" : 1997,
    "errorCount" : 394,
    "errorPct" : 19.729595,
    "meanResTime" : 53074.74411617432,
    "medianResTime" : 47795.0,
    "minResTime" : 124.0,
    "maxResTime" : 79842.0,
    "pct1ResTime" : 79353.4,
    "pct2ResTime" : 79475.1,
    "pct3ResTime" : 79631.0,
    "throughput" : 2.4451913481612086,
    "receivedKBytesPerSec" : 84.74006138806239,
    "sentKBytesPerSec" : 0.4025201686961632
  },
  "PP-LOAD-Form-All-Form-Metadata" : {
    "transaction" : "PP-LOAD-Form-All-Form-Metadata",
    "sampleCount" : 1998,
    "errorCount" : 36,
    "errorPct" : 1.8018018,
    "meanResTime" : 140093.79179179185,
    "medianResTime" : 149513.5,
    "minResTime" : 81823.0,
    "maxResTime" : 273582.0,
    "pct1ResTime" : 176701.1,
    "pct2ResTime" : 184645.1,
    "pct3ResTime" : 197034.61,
    "throughput" : 5.25282161701725,
    "receivedKBytesPerSec" : 3191.8270914997884,
    "sentKBytesPerSec" : 1.1636120099141092
  },
  "PP-LOAD-Form-All-Forms" : {
    "transaction" : "PP-LOAD-Form-All-Forms",
    "sampleCount" : 2000,
    "errorCount" : 0,
    "errorPct" : 0.0,
    "meanResTime" : 77918.91099999985,
    "medianResTime" : 79999.0,
    "minResTime" : 18614.0,
    "maxResTime" : 80435.0,
    "pct1ResTime" : 80061.9,
    "pct2ResTime" : 80099.0,
    "pct3ResTime" : 80132.95,
    "throughput" : 12.23997698884326,
    "receivedKBytesPerSec" : 283.6040918243074,
    "sentKBytesPerSec" : 2.522104633443289
  },
  "PP-LOAD-Set-Request-Title" : {
    "transaction" : "PP-LOAD-Set-Request-Title",
    "sampleCount" : 1998,
    "errorCount" : 14,
    "errorPct" : 0.7007007,
    "meanResTime" : 60963.53353353362,
    "medianResTime" : 79299.0,
    "minResTime" : 650.0,
    "maxResTime" : 81407.0,
    "pct1ResTime" : 79649.0,
    "pct2ResTime" : 79682.0,
    "pct3ResTime" : 79707.01,
    "throughput" : 1.9810874563848426,
    "receivedKBytesPerSec" : 1.1265602891862172,
    "sentKBytesPerSec" : 1.0450781676824945
  },
  "PP-LOAD-ReportBuilder-Dependencies" : {
    "transaction" : "PP-LOAD-ReportBuilder-Dependencies",
    "sampleCount" : 1997,
    "errorCount" : 265,
    "errorPct" : 13.269905,
    "meanResTime" : 46579.71557336005,
    "medianResTime" : 41154.0,
    "minResTime" : 124.0,
    "maxResTime" : 79502.0,
    "pct1ResTime" : 79028.0,
    "pct2ResTime" : 79198.3,
    "pct3ResTime" : 79291.08,
    "throughput" : 2.5639280867601424,
    "receivedKBytesPerSec" : 11.76048269003496,
    "sentKBytesPerSec" : 0.47123272205196415
  },
  "Total" : {
    "transaction" : "Total",
    "sampleCount" : 25982,
    "errorCount" : 1174,
    "errorPct" : 4.5185127,
    "meanResTime" : 65208.053767993464,
    "medianResTime" : 78854.0,
    "minResTime" : 124.0,
    "maxResTime" : 273582.0,
    "pct1ResTime" : 82490.40000000001,
    "pct2ResTime" : 149420.75000000003,
    "pct3ResTime" : 176694.00000000017,
    "throughput" : 20.223263836457914,
    "receivedKBytesPerSec" : 1905.7745312310276,
    "sentKBytesPerSec" : 5.8600355390373124
  },
  "PP-LOAD-Form-Indicators" : {
    "transaction" : "PP-LOAD-Form-Indicators",
    "sampleCount" : 2000,
    "errorCount" : 0,
    "errorPct" : 0.0,
    "meanResTime" : 80008.34749999996,
    "medianResTime" : 80000.0,
    "minResTime" : 79763.0,
    "maxResTime" : 81262.0,
    "pct1ResTime" : 80079.0,
    "pct2ResTime" : 80131.0,
    "pct3ResTime" : 80266.92,
    "throughput" : 8.890192783830518,
    "receivedKBytesPerSec" : 210.08369421959665,
    "sentKBytesPerSec" : 3.264367662812768
  },
  "PP-LOAD-Set-Request-Service" : {
    "transaction" : "PP-LOAD-Set-Request-Service",
    "sampleCount" : 1998,
    "errorCount" : 18,
    "errorPct" : 0.9009009,
    "meanResTime" : 64112.24074074072,
    "medianResTime" : 78911.5,
    "minResTime" : 351.0,
    "maxResTime" : 79927.0,
    "pct1ResTime" : 79413.0,
    "pct2ResTime" : 79556.3,
    "pct3ResTime" : 79840.02,
    "throughput" : 2.124876367929043,
    "receivedKBytesPerSec" : 1.0493708224324412,
    "sentKBytesPerSec" : 0.8719052100947581
  }
}