{
  "PP-LOAD-ReportBuilder-Request-Main-Page" : {
    "transaction" : "PP-LOAD-ReportBuilder-Request-Main-Page",
    "sampleCount" : 1498,
    "errorCount" : 1,
    "errorPct" : 0.066755675,
    "meanResTime" : 62535.83244325769,
    "medianResTime" : 61675.5,
    "minResTime" : 21421.0,
    "maxResTime" : 96918.0,
    "pct1ResTime" : 70644.40000000001,
    "pct2ResTime" : 73993.15,
    "pct3ResTime" : 79301.1,
    "throughput" : 4.3626027672531045,
    "receivedKBytesPerSec" : 2697.60151895224,
    "sentKBytesPerSec" : 0.9834848646734018
  },
  "PP-LOAD-Form-Indicators-1" : {
    "transaction" : "PP-LOAD-Form-Indicators-1",
    "sampleCount" : 1500,
    "errorCount" : 113,
    "errorPct" : 7.5333333,
    "meanResTime" : 56262.41533333343,
    "medianResTime" : 59466.0,
    "minResTime" : 21003.0,
    "maxResTime" : 73101.0,
    "pct1ResTime" : 59877.9,
    "pct2ResTime" : 59988.95,
    "pct3ResTime" : 72677.72,
    "throughput" : 8.781635843124857,
    "receivedKBytesPerSec" : 190.33167163743846,
    "sentKBytesPerSec" : 1.6731817714462183
  },
  "PP-LOAD-Form-Indicators-0" : {
    "transaction" : "PP-LOAD-Form-Indicators-0",
    "sampleCount" : 1500,
    "errorCount" : 0,
    "errorPct" : 0.0,
    "meanResTime" : 210.00999999999993,
    "medianResTime" : 204.0,
    "minResTime" : 186.0,
    "maxResTime" : 1211.0,
    "pct1ResTime" : 216.0,
    "pct2ResTime" : 233.0,
    "pct3ResTime" : 342.98,
    "throughput" : 13.047335734043108,
    "receivedKBytesPerSec" : 6.014006314910495,
    "sentKBytesPerSec" : 2.1023539024581184
  },
  "PP-LOAD-Form-Categories" : {
    "transaction" : "PP-LOAD-Form-Categories",
    "sampleCount" : 1500,
    "errorCount" : 0,
    "errorPct" : 0.0,
    "meanResTime" : 40008.52333333334,
    "medianResTime" : 40097.5,
    "minResTime" : 7492.0,
    "maxResTime" : 72805.0,
    "pct1ResTime" : 65733.9,
    "pct2ResTime" : 68645.95,
    "pct3ResTime" : 71166.83,
    "throughput" : 20.49712357032563,
    "receivedKBytesPerSec" : 476.08519458602643,
    "sentKBytesPerSec" : 3.3027591690466105
  },
  "PP-LOAD-Set-Request-Initiator" : {
    "transaction" : "PP-LOAD-Set-Request-Initiator",
    "sampleCount" : 1498,
    "errorCount" : 0,
    "errorPct" : 0.0,
    "meanResTime" : 54431.077436582156,
    "medianResTime" : 58839.5,
    "minResTime" : 18115.0,
    "maxResTime" : 60056.0,
    "pct1ResTime" : 59678.1,
    "pct2ResTime" : 59800.05,
    "pct3ResTime" : 59965.02,
    "throughput" : 4.455800422973845,
    "receivedKBytesPerSec" : 2.1626296974785166,
    "sentKBytesPerSec" : 1.9929263610566614
  },
  "PP-LOAD-CreateRequest" : {
    "transaction" : "PP-LOAD-CreateRequest",
    "sampleCount" : 1498,
    "errorCount" : 3,
    "errorPct" : 0.20026702,
    "meanResTime" : 42232.024699599475,
    "medianResTime" : 43261.5,
    "minResTime" : 17154.0,
    "maxResTime" : 75229.0,
    "pct1ResTime" : 58976.20000000001,
    "pct2ResTime" : 60108.2,
    "pct3ResTime" : 60948.16,
    "throughput" : 4.867397534458445,
    "receivedKBytesPerSec" : 2.38520730913823,
    "sentKBytesPerSec" : 2.6043454184970853
  },
  "PP-LOAD-ReportBuilder-Workflow-Steps" : {
    "transaction" : "PP-LOAD-ReportBuilder-Workflow-Steps",
    "sampleCount" : 1498,
    "errorCount" : 130,
    "errorPct" : 8.678238,
    "meanResTime" : 43711.736982643546,
    "medianResTime" : 44472.5,
    "minResTime" : 21004.0,
    "maxResTime" : 66499.0,
    "pct1ResTime" : 59852.2,
    "pct2ResTime" : 59976.0,
    "pct3ResTime" : 60148.05,
    "throughput" : 4.426570058301887,
    "receivedKBytesPerSec" : 172.80589872134033,
    "sentKBytesPerSec" : 0.8290122809246744
  },
  "PP-LOAD-Form-All-Form-Metadata" : {
    "transaction" : "PP-LOAD-Form-All-Form-Metadata",
    "sampleCount" : 1498,
    "errorCount" : 24,
    "errorPct" : 1.6021361,
    "meanResTime" : 105995.28104138852,
    "medianResTime" : 113995.0,
    "minResTime" : 21030.0,
    "maxResTime" : 237050.0,
    "pct1ResTime" : 140124.30000000002,
    "pct2ResTime" : 146710.59999999998,
    "pct3ResTime" : 156815.63,
    "throughput" : 4.923032430229654,
    "receivedKBytesPerSec" : 2997.53411582087,
    "sentKBytesPerSec" : 1.0927740922131957
  },
  "PP-LOAD-Form-All-Forms" : {
    "transaction" : "PP-LOAD-Form-All-Forms",
    "sampleCount" : 1500,
    "errorCount" : 0,
    "errorPct" : 0.0,
    "meanResTime" : 58068.67333333338,
    "medianResTime" : 59998.0,
    "minResTime" : 8262.0,
    "maxResTime" : 65009.0,
    "pct1ResTime" : 60009.0,
    "pct2ResTime" : 60014.95,
    "pct3ResTime" : 60096.97,
    "throughput" : 12.191454603086877,
    "receivedKBytesPerSec" : 282.47581266204475,
    "sentKBytesPerSec" : 2.5121063684095026
  },
  "PP-LOAD-Set-Request-Title" : {
    "transaction" : "PP-LOAD-Set-Request-Title",
    "sampleCount" : 1498,
    "errorCount" : 0,
    "errorPct" : 0.0,
    "meanResTime" : 46096.1108144192,
    "medianResTime" : 59519.0,
    "minResTime" : 15556.0,
    "maxResTime" : 60319.0,
    "pct1ResTime" : 59798.0,
    "pct2ResTime" : 59810.05,
    "pct3ResTime" : 59849.0,
    "throughput" : 4.374156850607068,
    "receivedKBytesPerSec" : 2.123003862062219,
    "sentKBytesPerSec" : 2.3237708268850046
  },
  "PP-LOAD-ReportBuilder-Dependencies" : {
    "transaction" : "PP-LOAD-ReportBuilder-Dependencies",
    "sampleCount" : 1498,
    "errorCount" : 194,
    "errorPct" : 12.950601,
    "meanResTime" : 35267.35046728976,
    "medianResTime" : 25888.0,
    "minResTime" : 1.0,
    "maxResTime" : 59887.0,
    "pct1ResTime" : 59166.1,
    "pct2ResTime" : 59502.05,
    "pct3ResTime" : 59684.02,
    "throughput" : 5.2497853475617235,
    "receivedKBytesPerSec" : 24.097946400410027,
    "sentKBytesPerSec" : 0.9684274737598345
  },
  "Total" : {
    "transaction" : "Total",
    "sampleCount" : 19484,
    "errorCount" : 579,
    "errorPct" : 2.971669,
    "meanResTime" : 50003.34407719157,
    "medianResTime" : 58756.0,
    "minResTime" : 1.0,
    "maxResTime" : 237050.0,
    "pct1ResTime" : 63113.5,
    "pct2ResTime" : 99649.25,
    "pct3ResTime" : 137602.10000000015,
    "throughput" : 29.947188185892667,
    "receivedKBytesPerSec" : 3139.5936708557674,
    "sentKBytesPerSec" : 8.791815316770979
  },
  "PP-LOAD-Form-Indicators" : {
    "transaction" : "PP-LOAD-Form-Indicators",
    "sampleCount" : 1500,
    "errorCount" : 113,
    "errorPct" : 7.5333333,
    "meanResTime" : 56472.588666666685,
    "medianResTime" : 59675.5,
    "minResTime" : 21214.0,
    "maxResTime" : 73301.0,
    "pct1ResTime" : 60084.0,
    "pct2ResTime" : 60193.95,
    "pct3ResTime" : 72878.66,
    "throughput" : 8.77167334288471,
    "receivedKBytesPerSec" : 194.1589392945382,
    "sentKBytesPerSec" : 3.0846879934066256
  },
  "PP-LOAD-Set-Request-Service" : {
    "transaction" : "PP-LOAD-Set-Request-Service",
    "sampleCount" : 1498,
    "errorCount" : 1,
    "errorPct" : 0.066755675,
    "meanResTime" : 48803.91054739646,
    "medianResTime" : 59531.0,
    "minResTime" : 2.0,
    "maxResTime" : 60054.0,
    "pct1ResTime" : 59805.0,
    "pct2ResTime" : 59882.0,
    "pct3ResTime" : 60005.01,
    "throughput" : 4.442770414352106,
    "receivedKBytesPerSec" : 2.160939627035652,
    "sentKBytesPerSec" : 1.8383565975733813
  }
}