{
  "PP-LOAD-ReportBuilder-Request-Main-Page" : {
    "transaction" : "PP-LOAD-ReportBuilder-Request-Main-Page",
    "sampleCount" : 1000,
    "errorCount" : 0,
    "errorPct" : 0.0,
    "meanResTime" : 43017.75700000004,
    "medianResTime" : 41638.5,
    "minResTime" : 39907.0,
    "maxResTime" : 58449.0,
    "pct1ResTime" : 47396.9,
    "pct2ResTime" : 49965.14999999999,
    "pct3ResTime" : 55026.76,
    "throughput" : 9.29195316855603,
    "receivedKBytesPerSec" : 5749.481438234645,
    "sentKBytesPerSec" : 2.096133966734808
  },
  "PP-LOAD-Form-Indicators-1" : {
    "transaction" : "PP-LOAD-Form-Indicators-1",
    "sampleCount" : 1000,
    "errorCount" : 0,
    "errorPct" : 0.0,
    "meanResTime" : 39780.359000000026,
    "medianResTime" : 39773.5,
    "minResTime" : 39499.0,
    "maxResTime" : 40713.0,
    "pct1ResTime" : 39857.0,
    "pct2ResTime" : 39892.95,
    "pct3ResTime" : 39985.98,
    "throughput" : 11.764429072257125,
    "receivedKBytesPerSec" : 272.590828745206,
    "sentKBytesPerSec" : 2.4241157560998565
  },
  "PP-LOAD-Form-Indicators-0" : {
    "transaction" : "PP-LOAD-Form-Indicators-0",
    "sampleCount" : 1000,
    "errorCount" : 0,
    "errorPct" : 0.0,
    "meanResTime" : 204.94000000000014,
    "medianResTime" : 202.0,
    "minResTime" : 186.0,
    "maxResTime" : 1185.0,
    "pct1ResTime" : 212.0,
    "pct2ResTime" : 217.0,
    "pct3ResTime" : 259.99,
    "throughput" : 22.078954340722422,
    "receivedKBytesPerSec" : 10.177018016426741,
    "sentKBytesPerSec" : 3.557644009979687
  },
  "PP-LOAD-Form-Categories" : {
    "transaction" : "PP-LOAD-Form-Categories",
    "sampleCount" : 1000,
    "errorCount" : 0,
    "errorPct" : 0.0,
    "meanResTime" : 26212.586999999996,
    "medianResTime" : 26101.0,
    "minResTime" : 5933.0,
    "maxResTime" : 47116.0,
    "pct1ResTime" : 42617.7,
    "pct2ResTime" : 44655.35,
    "pct3ResTime" : 46473.95,
    "throughput" : 21.105506426626707,
    "receivedKBytesPerSec" : 490.2238634684789,
    "sentKBytesPerSec" : 3.4007896097591863
  },
  "PP-LOAD-Set-Request-Initiator" : {
    "transaction" : "PP-LOAD-Set-Request-Initiator",
    "sampleCount" : 1000,
    "errorCount" : 0,
    "errorPct" : 0.0,
    "meanResTime" : 40017.86399999997,
    "medianResTime" : 40013.0,
    "minResTime" : 39806.0,
    "maxResTime" : 40322.0,
    "pct1ResTime" : 40054.0,
    "pct2ResTime" : 40082.95,
    "pct3ResTime" : 40131.98,
    "throughput" : 9.319403930924578,
    "receivedKBytesPerSec" : 4.504985298640299,
    "sentKBytesPerSec" : 4.168249023792439
  },
  "PP-LOAD-CreateRequest" : {
    "transaction" : "PP-LOAD-CreateRequest",
    "sampleCount" : 1000,
    "errorCount" : 0,
    "errorPct" : 0.0,
    "meanResTime" : 36883.36599999999,
    "medianResTime" : 37135.5,
    "minResTime" : 21505.0,
    "maxResTime" : 54325.0,
    "pct1ResTime" : 40458.2,
    "pct2ResTime" : 42087.45,
    "pct3ResTime" : 49664.810000000005,
    "throughput" : 10.437105999248528,
    "receivedKBytesPerSec" : 4.9331633824573125,
    "sentKBytesPerSec" : 5.595674993737736
  },
  "PP-LOAD-ReportBuilder-Workflow-Steps" : {
    "transaction" : "PP-LOAD-ReportBuilder-Workflow-Steps",
    "sampleCount" : 1000,
    "errorCount" : 0,
    "errorPct" : 0.0,
    "meanResTime" : 38101.664,
    "medianResTime" : 39428.5,
    "minResTime" : 32483.0,
    "maxResTime" : 44883.0,
    "pct1ResTime" : 40620.7,
    "pct2ResTime" : 40970.7,
    "pct3ResTime" : 41482.49,
    "throughput" : 9.464498665505689,
    "receivedKBytesPerSec" : 402.04919520705954,
    "sentKBytesPerSec" : 1.9409616403869088
  },
  "PP-LOAD-Form-All-Form-Metadata" : {
    "transaction" : "PP-LOAD-Form-All-Form-Metadata",
    "sampleCount" : 1000,
    "errorCount" : 0,
    "errorPct" : 0.0,
    "meanResTime" : 45718.35700000005,
    "medianResTime" : 43229.5,
    "minResTime" : 40298.0,
    "maxResTime" : 61957.0,
    "pct1ResTime" : 54541.4,
    "pct2ResTime" : 56866.99999999999,
    "pct3ResTime" : 59843.840000000004,
    "throughput" : 10.093974906378383,
    "receivedKBytesPerSec" : 6245.811631287284,
    "sentKBytesPerSec" : 2.277058792356842
  },
  "PP-LOAD-Form-All-Forms" : {
    "transaction" : "PP-LOAD-Form-All-Forms",
    "sampleCount" : 1000,
    "errorCount" : 0,
    "errorPct" : 0.0,
    "meanResTime" : 39985.59200000003,
    "medianResTime" : 40051.0,
    "minResTime" : 34727.0,
    "maxResTime" : 40277.0,
    "pct1ResTime" : 40106.0,
    "pct2ResTime" : 40146.95,
    "pct3ResTime" : 40167.99,
    "throughput" : 12.524422624117028,
    "receivedKBytesPerSec" : 290.20408155277795,
    "sentKBytesPerSec" : 2.5807159899303644
  },
  "PP-LOAD-Set-Request-Title" : {
    "transaction" : "PP-LOAD-Set-Request-Title",
    "sampleCount" : 1000,
    "errorCount" : 0,
    "errorPct" : 0.0,
    "meanResTime" : 36977.57999999993,
    "medianResTime" : 39950.0,
    "minResTime" : 21456.0,
    "maxResTime" : 43568.0,
    "pct1ResTime" : 39989.0,
    "pct2ResTime" : 39995.0,
    "pct3ResTime" : 40563.63,
    "throughput" : 10.427202485845072,
    "receivedKBytesPerSec" : 5.763473249012022,
    "sentKBytesPerSec" : 5.5394513206051945
  },
  "PP-LOAD-ReportBuilder-Dependencies" : {
    "transaction" : "PP-LOAD-ReportBuilder-Dependencies",
    "sampleCount" : 1000,
    "errorCount" : 0,
    "errorPct" : 0.0,
    "meanResTime" : 36191.753,
    "medianResTime" : 37813.0,
    "minResTime" : 24968.0,
    "maxResTime" : 39917.0,
    "pct1ResTime" : 39780.0,
    "pct2ResTime" : 39789.95,
    "pct3ResTime" : 39830.98,
    "throughput" : 11.165449632656708,
    "receivedKBytesPerSec" : 54.22439553047052,
    "sentKBytesPerSec" : 2.3661157912954156
  },
  "Total" : {
    "transaction" : "Total",
    "sampleCount" : 13000,
    "errorCount" : 0,
    "errorPct" : 0.0,
    "meanResTime" : 35619.857538461576,
    "medianResTime" : 39952.0,
    "minResTime" : 186.0,
    "maxResTime" : 61957.0,
    "pct1ResTime" : 42592.7,
    "pct2ResTime" : 44286.95,
    "pct3ResTime" : 54262.89,
    "throughput" : 29.171528588098017,
    "receivedKBytesPerSec" : 3097.8028614745085,
    "sentKBytesPerSec" : 8.747952383089489
  },
  "PP-LOAD-Form-Indicators" : {
    "transaction" : "PP-LOAD-Form-Indicators",
    "sampleCount" : 1000,
    "errorCount" : 0,
    "errorPct" : 0.0,
    "meanResTime" : 39984.624000000025,
    "medianResTime" : 39977.0,
    "minResTime" : 39754.0,
    "maxResTime" : 40968.0,
    "pct1ResTime" : 40061.9,
    "pct2ResTime" : 40097.95,
    "pct3ResTime" : 40191.0,
    "throughput" : 11.73557404560444,
    "receivedKBytesPerSec" : 277.33160184717934,
    "sentKBytesPerSec" : 4.309156094870381
  },
  "PP-LOAD-Set-Request-Service" : {
    "transaction" : "PP-LOAD-Set-Request-Service",
    "sampleCount" : 1000,
    "errorCount" : 0,
    "errorPct" : 0.0,
    "meanResTime" : 39981.70499999999,
    "medianResTime" : 39969.0,
    "minResTime" : 39807.0,
    "maxResTime" : 40286.0,
    "pct1ResTime" : 40007.0,
    "pct2ResTime" : 40038.0,
    "pct3ResTime" : 40164.96,
    "throughput" : 9.326444199884351,
    "receivedKBytesPerSec" : 4.408202141351588,
    "sentKBytesPerSec" : 3.861730801514615
  }
}